id,message,date
87815,"#Palestine

рІЏрѕг ріарІГрѕГрѕІріЋрІх рЇБ ріќрѕГрІїрІГ ріЦріЋрІ▓рѕЂрѕЮ рѕхрЇћріЋ рѕѕрЇЇрѕЇрѕхрїцрѕЮ рІеріљрї╗ рѕђрїѕрѕГріљрЅх ріЦрІЇрЅЁріЊ ріЦріЋрІ░рѕџрѕ░рїА рЅарІГрЇІ ріарѕхрЅ│рІѕрЅЂрЇб

"" рІерІЏрѕгрІЇ рЅђріЋ рѕѕрЇЇрѕЇрѕхрїцрѕЮ ріЦрїЁрїЇ рЅ│рѕфріФрІі рЅђріЋ ріљрІЇ "" рЅ░рЅЦрѕЈрѕЇрЇб

рІеріарІерѕГрѕІріЋрІх рїа/рѕџріњрѕхрЅхрѕГ рѕ▓рѕъріЋ рѕЃрѕфрѕх "" рІЏрѕг ріарІерѕГрѕІріЋрІх рЇБ ріќрѕГрІїрІГ ріЦріЊ рѕхрЇћріЋ рѕѕрЇЇрѕЇрѕхрїцрѕЮ рІеріљрї╗ рѕђрїѕрѕГріљрЅх ріЦрІЇрЅЁріЊ рѕ░рїЦрЅ░ріЊрѕЇрЇб рІЇрѕ│ріћрІЇріЋ рЅ░рїЇрЅБрѕФрІі рѕѕрѕЏрІхрѕерїЇ ріЦрІФріЋрІ│ріЋрІ│рЅйріЋ рѕЏріЋріЏрІЇріЋрѕЮ ріарІГріљрЅх рЅЦрѕћрѕФрІі ріЦрѕГрѕЮрїЃ ріЦріЋрІѕрѕхрІ│рѕѕріЋ "" рЅЦрѕѕрІІрѕЇрЇб

рїа/рѕџріњрѕхрЅхрѕЕ рЇЦ "" #рЅарѕџрЅђрїЦрѕЅрЅх_рѕ│рѕЮріЋрЅ│рЅх рЅ░рїерѕЏрѕф рѕђрїѕрѕФрЅх рІГрѕЁріЋ рїарЅЃрѕџ ріЦрѕГрѕЮрїЃ рѕѕрѕўрІЇрѕ░рІх ріеріЦріЏ рїІрѕГ ріЦріЋрІ░рѕџрЅ░рЅБрЅарѕЕ ріЦрѕГрїЇрїаріЏ ріљріЮ "" рѕ▓рѕЅ ріаріГрѕѕрІІрѕЇрЇб

рІеріарІГрѕГрѕІріЋрІх рѕўріЋрїЇрѕЦрЅх рІГрѕЁ рІерѕђрїѕрѕГріљрЅх ріЦрІЇрЅЁріЊ рІерѕЂрѕѕрЅх рѕђрїѕрѕГ рѕўрЇЇрЅхрѕёріЋ ріЦріЋрІ░рѕџрІ░рїЇрЇЇріЊ рѕѕрЅђрїаріЊрІЇ рІўрѕІрЅѓ рѕ░рѕІрѕЮ ріарѕхрЇѕрѕІрїі рѕўрѕєріЉріЋ рїѕрѕЇрї┐рѕЇрЇб

рІерѕхрЇћріЉ рїарЅЁрѕІрІГ рѕџріњрѕхрЅхрѕГ рЇћрІхрѕ« рѕ│ріЋрЅ╝рІЮ ріЦріЊ рІеріќрѕГрІїрІГ рІерІЇрїГ рїЅрІ│рІГ рѕџріњрѕхрЅхрѕГ рІерѕєріЉрЅх рібрѕхрЇћріЋ рЅБрѕГрЅх рібрІГрІх рѕђрїѕрѕФрЅИрІЇ ріерїЇріЋрЅдрЅх 28 (ріЦ.ріц.ріа) рїђрѕЮрѕ« рѕѕрЇЇрѕЇрѕхрїцрѕЮ рїЇрІЏрЅх ріЦрІЇрЅЁріЊ ріЦріЋрІ░рѕџрѕ░рїА рЅарІГрЇІ ріарѕ│рІЇрЅђрІІрѕЇрЇб

рІерѕхрЇћріЉ рїа/рѕџріњрѕхрЅхрѕГ рЇћрІхрѕ« рѕ│ріЋрЅ╝рІЮ рЇЦ "" рѕЮріЋрѕЮ ріЦріЋрі│ріЋ ріеріарѕИрЅБрѕфрІЇ рЅАрІхріЋ #рѕЃрѕЏрѕх рїІрѕГ рІерѕџрІ░рѕерїѕрІЇ рІЇрїірІФ рѕЁрїІрІі рЅбрѕєріЋрѕЮ рїарЅЁрѕІрІГ рѕџріњрѕхрЅхрѕГ рЅцріњрІФрѕџріЋ ріћрЅ│ріЋрІФрѕЂ рѕѕрЇЇрѕЇрѕхрїцрѕЮ рІерѕ░рѕІрѕЮ рЇЋрѕ«рїђріГрЅх рІерѕІрЅИрІЇрѕЮ "" рЅЦрѕѕрІІрѕЇрЇб

рІеріќрѕГрІїрІГ рїа/ рѕџріњрѕхрЅхрѕГ рїєріЊрѕх рїІрѕЁрѕГ рѕхрЅХрѕГ рЅарЅаріЕрѕІрЅИрІЇ рЇЦ "" ріЦрІЇрЅЁріЊ ріерѕїрѕѕ (рІерЇЇрѕЇрѕхрїцрѕЮ) рЅарѕўріФріерѕѕріЏрІЇ рѕЮрѕхрѕФрЅЁ рѕЮріЋрѕЮ рѕ░рѕІрѕЮ рѕіріќрѕГ ріарІГрЅйрѕЇрѕЮ "" рЅЦрѕѕрІІрѕЇрЇб

"" рѕйрЅЦрѕГ рІерЅ░рЇѕрЇђрѕўрІЇ рЅарѕЃрѕЏрѕхріЊ рІерѕЂрѕѕрЅх рѕђрїѕрѕГ рѕўрЇЇрЅхрѕёріЋ рЅарѕЏрІГрЅђрЅарѕЅ ріЦріЋрІ▓рѕЂрѕЮ рІеріЦрѕхрѕФріцрѕЇріЋ рѕўріЋрїЇрѕЦрЅх рЅарѕЏрІГрІ░рїЇрЇЅ рЅ│рїБрЅѓ рЅАрІхріќрЅй ріљрІЇрЇб "" рѕ▓рѕЅ ріаріГрѕѕрІІрѕЇрЇб

"" рЇЇрѕЇрѕхрїцрѕЮ ріљрї╗ ріарїѕрѕГ рІерѕўрѕєріЋ рѕўрѕарѕерЅ│рІі рѕўрЅЦрЅх ріарѕІрЅх "" рЅЦрѕѕрІІрѕЇрЇб

рІерЇЇрѕЇрѕхрїцрѕЮ #рІеріљрї╗_рѕђрїѕрѕГріљрЅх ріЦрІЇрЅЁріЊ рѕўрѕхрїарЅх рЅарІГрЇІ ріерЅ░рѕ░рѕЏ рЅаріЃрѕІ рІеріЦрѕхрѕФріцрѕЇ рІерІЇрїГ рїЅрІ│рІГ рѕџріњрѕхрЅхрѕГ #рЅаріќрѕГрІїрІГ ріЦріЊ #рЅаріарІГрѕГрѕІріЋрІх рІерѕџрїѕріЎ ріарѕЮрЅБрѕ│рІ░рѕ«рЅйріЋ рЅаріарѕхрЅИрі│рІГ рІѕрІ░ ріЦрѕхрѕФріцрѕЇ ріЦріЋрІ▓рѕўрѕѕрѕ▒ ріарІўрІІрѕЇрЇб

рѕџріњрѕхрЅхрѕЕрЇц "" рІерІЏрѕгрІЇ рІЇрѕ│ріћ рѕйрЅЦрѕГрЅ░ріЮріљрЅх ріЦріЋрІ░рѕџріерЇЇрѕЇ рѕѕрЇЇрѕЇрѕхрїцрѕЏрІЇрІФріЋ ріЦріЊ рѕѕрІЊрѕѕрѕЮ рѕўрѕЇріЦріГрЅх рІФрѕхрЅ░рѕІрѕѕрЇѕ ріљрІЇ "" рЅЦрѕѕрІІрѕЇрЇб

рѕўрѕерїЃрІЇ рІерѕхріФрІГ ріњрІЇрѕх ріљрІЇрЇб

More - @thiqahEth",2024-05-22 09:43:42+00:00
87814,"­ЪЄф­ЪЄ╣ рІерЇќрѕѕрЅ▓ріФ рЇЊрѕГрЅ▓рІјрЅй рѕЮріЋ рІГрѕІрѕЅ ? ­ЪЄф­ЪЄ╣

"" ріарѕЂріЋ рѕІрІГ рІФрѕЅ рЅйрїЇрѕ«рЅй рѕЮрЇЇрЅхрѕё ріЦрѕхріФрѕІрїѕріЎ┬а рѕхрѕѕ рѕЮрѕГрїФ рѕЏрѕ░рЅЦ #рЅђрѕЇрІх ріљрІЇ "" - ріарЅХ рїЇрѕГрѕЏ рЅарЅђрѕѕ

рІерѕЋрЅЦрѕГ рібрЅхрІ«рїхрІФ рІ┤рѕъріГрѕФрѕ▓рІФрІі рЇЊрѕГрЅ▓ (рѕЋрЅЦрѕГ) рѕірЅђ рѕўріЋрЅарѕГ ріарЅХ рїЇрѕГрѕЏ рЅарЅђрѕѕ ріерЅ▓ріГрЅФрѕЁ рібрЅхрІ«рїхрІФ рїІрѕГ рЅарѕђрїѕрѕФрІі рїЅрІ│рІ«рЅй рІЎрѕфрІФ рЅєрІГрЅ│ ріарІхрѕерїѕрІІрѕЇрЇб

Q. рІерІюрїјрЅй рЅарѕЋрІГрІѕрЅх рІерѕўріќрѕГ рѕўрЅЦрЅх рїЦрѕ░рЅхріЋ рЅарЅ░рѕўрѕѕріерЅ░ рѕхрѕѕрѕџріљрѕ▒ рїЅрІ│рІ«рЅй рІерЇЊрѕГрЅ▓рІј рїЇрѕЮрїѕрѕЏ рѕЮріЋ рІГрѕІрѕЇ ?
┬а
ріарЅХ рїЇрѕГрѕЏ рЅарЅђрѕѕ рЇд

"" рІерІюрїјрЅй рѕ░рЅЦрІЊрІіріЊ рІ┤рѕъріГрѕФрѕ▓рІФрІі рѕўрЅЦрЅХрЅй рЅаріЦрїЁрїЅ рЅ░рїЦрѕ░рІІрѕЇрЇб

рѕўріЋрїЇрѕЦрЅх рІерЇЊрѕѕрЅ▓ріФ рѕЮрѕЁрІ│рѕЕріЋ рІФрѕхрЇІрѕЇріЋ рЇБ ріљрЇЃріЊ рІ┤рѕъріГрѕФрѕ▓рІФрІі рѕЮрѕГрїФ рІГрІ░рѕерїЇрЇБ рЅаріарїѕрѕфрЅ▒ рѕхрѕѕрЅ░рЇѕрїарѕЕрЅх рЅйрїЇрѕ«рЅй рЅарїарѕеріЋрї┤рІЏ рІЎрѕфрІФ ріЦріЋрІѕрІФрІГ ріЦрІФрѕЇріЋ рѕхріЋрї«рѕЁ ріљрЅарѕГрЇб

ріарѕЂріЋ ріерІюрїјрЅй рѕ░рЅЦрІЊрІіріЊ рІ┤рѕъріГрѕФрѕ▓рІФрІі рѕўрЅЦрЅХрЅй рїЦрѕ░рЅх ріарѕЇрЇј рЇд
┬░ рІерЇЊрѕГрЅ▓ рѕўрѕфрІјрЅйріЋ ріерЅцрЅх ріарІЇрїЦрЅХ рїѕрІхрѕј рІерѕўрїБрѕЇрЇБ 
┬░ рІерѕЋрІЮрЅЦ рЅ░рІѕріФрІ«рЅй рѕЮ/рЅцрЅх ріарЅБрѕІрЅх рѕЋрїѕ рѕўріЋрїЇрѕхрЅ▒ рІерѕ░рїБрЅИрІЇріЋ рѕўрЅЦрЅХрЅй рЅ░рїѕрЇѕрІЇ рѕЮріЋ ріЦріЋрІ│рїарЇЅ рѕ│рІГріљрїѕрѕГ рІерѕџрЅ│рѕ░рѕЕрЅарЅх ріерЅБрІх рІ░рѕерїЃ рѕІрІГ рІерІ░рѕерѕхріЋрЅарЅх рїірІю ріљрІЇрЇб ""

Q. рѕхрѕѕ рѕђрїѕрѕфрЅ▒ рІерїИрїЦрЅ│ріЊ рІ░ріђріЋріљрЅх рѕЂріћрЅ│ рІерЇЊрѕГрЅ▓рІФрЅйрѕЂ рїЇрѕЮрїѕрѕЏ рѕЮріЋрІхріЋ ріљрІЇ ?┬а

ріарЅХ рїЇрѕГрѕЏ рЅарЅђрѕѕ рЇд

"" рѕѕ6 рІЊрѕўрЅ│рЅх рЅарЅЦрѕЇрїйрїЇріЊрЇБ ріерібрѕЁрІ┤рїЇрѕЮ рЅаріерЇІ рѕЂріћрЅ│ ріарїѕрѕФрЅйріЋ рІФрѕЇрЅ░рѕерїІрїІрЅйрЅарЅхріЊ рЅарѕ░рѕІрѕЮ рѕерїѕрІх рЅхрѕЇрЅЁ рїЦрІФрЅё рІЇрѕхрїЦ рІерІѕрІ░рЅЁріЋрЅарЅх рЇѕрЅ│ріЮ рѕЂріћрЅ│ рІЇрѕхрїЦ ріљрІЇ рІФрѕѕріљрІЇрЇб

рІеріарїѕрѕФрІі ріЦрѕ┤рЅХрЅйріЋріЊ рїѕріЋрЅб ріарѕхрЅ░рѕ│рѕ░рЅдрЅйріЋ рІѕрІ░ ріІрѕІ рїЦрѕј ріерІЇрїф рІерѕџрѕўрїБрІЇріЋ рІерІѕрЅЁрЅ▒ рЇЊрѕѕрЅ▓ріФ ріарѕхрЅ░рѕ│рѕ░рЅЦ рІГрІърЇБ рЅарІЏрѕЮ рЅ░рѕъріГрѕ« рѕІрІГ ріарїЇрѕІрІГріЊ рїарЅЁрѕІрІГ рІерѕєріљ рІерЇЊрѕѕрЅ▓ріФ рѕхрѕГрІЊрЅх ріљрІЇрЇб┬а

рІГрѕЁ рЅарѕўрѕєріЉрѕЮ ріарїѕрѕФрЅйріЋ рѕѕріерЇІ рібрі«ріќрѕџрІФрІірЇБ рЇЊрѕѕрЅ▓ріФрІіріЊ рѕЏріђрЅарѕФрІі рѕЮрѕхрЅЁрѕЇрЅЁрѕјрЅйріЊ ріерЇЇрЅ░ріЏ рЅйрїЇрѕ«рЅй рІ│рѕГрїЊрЅ│рѕЇрЇб 

рІерЅ░рЇѕрїарѕерІЇріЋ рѕЮрѕхрЅЁрѕЇрЅЁрѕЇ рѕѕрѕЏрѕхрІѕрїѕрІх рЇд
- рЅаріарїѕрѕфрЅ▒ рІЇрѕхрїЦ ріарїѕрѕФрІі рѕўрїЇрЅБрЅБрЅх рѕўрЇЇрїарѕГрЇБ┬а
- рЅарѕЋрІЮрЅдрЅй рѕўріФріерѕЇ рІерЅ░рЇѕрїарѕерІЇріЋ рѕўріЊрЅєрѕГріЊ рѕЇрІЕріљрЅх рІерѕЏрѕФрїѕрЅЦ рѕѓрІ░рЅх рѕЏрѕГрїѕрЅЦрЇБ
- рЅЦрѕћрѕФрІі ріЦрѕГрЅЁ рІерѕџрІѕрѕГрІхрЅарЅхріЋ рѕЂріћрЅ│ рѕЏрѕўрЅ╗рЅИрЅх ріарѕѕрЅЦріЋрЇц
- рѕЂрѕЅрѕЮ рЅБрѕѕрІхрѕГрѕ╗ ріаріФрѕІрЅх рЅБрѕѕрЅцрЅх рѕєріљрІЇ рІерѕўрЇЇрЅхрѕёрІЇ ріаріФрѕЇ рѕўрѕєріЋ ріарѕѕрЅБрЅИрІЇрЇб ""

Q. рІеріЉрѕ« рІЇрІхріљрЅ▒ рѕЋрІЮрЅАріЋ рЇѕрЅхріќрЅ│рѕЇрЇб рЇЊрѕГрЅ▓рІј рѕѕрѕўріЋрїЇрѕхрЅх рІФрѕѕрІЇ рѕўрѕЇрІЋріГрЅх рѕЮріЋрІхріЋ ріљрІЇ ?

ріарЅХ рїЇрѕГрѕЏ рЅарЅђрѕѕ рЇд

"" рЅарЇЊрѕѕрЅ▓ріФ рѕўрѕфріљрЅх рѕ│рІГрѕєріЋ ріЦріЋрІ░ ріаріЋрІх рІерібрЅхрІ«рїхрІФ рІюрїІ ріЦрІеріќрѕГріЋ рІФрѕѕріљрІЇ рЅаріаріЋрІ│рЅй рЅ░рІЊрѕЮрѕГ ріЦріЋрїѓ рІеріЦрІЇріљрЅх рІерІѕрѕГ ріарѕхрЅцрІЏ рѕѕріаріЋрІх рЅђріЋ ріЦріЋрі│ рІерѕЏрІГрѕєріЋрЅарЅх рІ░рѕерїЃ рѕІрІГ рІерІ░рѕерѕхріЋрЅарЅх рѕЂріћрЅ│ ріљрІЇ рІФрѕѕрІЇрЇб┬а

рІерІЏрѕг 20 рІЊрѕўрЅх рЅаріаріЋрІх рЅЦрѕГ ріаріЋрІх рѕірЅхрѕГ рІѕрЅ░рЅх рїѕрІЮрЅ╝ ріљрІЇ рѕЇрїЁ рІФрѕ│рІ░ріЕрЅхрЇб ріарѕЂріЋ рІІрїІрІЇріЋ рѕЂрѕІрЅйріЋрѕЮ ріЦріЊрІЇрЅђрІІрѕѕріЋрЇб рѕЋрІЮрЅА рїЇріЋ рІГрѕё рѕЂрѕЅ ріЦрІерѕєріљ рЅарЇѕрїБрѕф ріЦрѕГрІ│рЅ│ ріарѕѕрЇб ""

Q. рЅарЅђрїБрІЕ рѕЮрѕГрїФ рЅ░рѕўрѕФрїГ рѕєріќ рѕѕрѕўрѕўрЅЁрѕерЅЦ рѕЮріЋ рІЮрїЇрїЁрЅх ріЦрІФрІ░рѕерїІрЅйрѕЂ ріљрІЇ ?

ріарЅХ рїЇрѕГрѕЏ рЅарЅђрѕѕ рЇд

"" РъА№ИЈ рІерЅЦрѕћрѕФрІі рѕўрїЇрЅБрЅБрЅхріЊ рІерѕђрїѕрѕФрІі ріЦрѕГрЅЁ рїЅрІ│рІГ рѕІрІГ рЅЂрїГ рЅЦрѕѕріЋ ріЦрѕхріФрѕЇрЅ░ріљрїІрїѕрѕГріЋ рІхрѕерѕхрЇБ

РъА№ИЈ ріарїѕрѕфрЅ▒ рІЇрѕхрїЦ рѕІрѕЅрЅх рЇЊрѕѕрЅ▓ріФрІірЇБ рѕЏріЁрЅарѕФрІі рѕЮрѕхрЅЁрѕЇрЅЁрѕјрЅй рѕўрЇЇрЅхрѕё ріЦрѕхріФрѕІрЅарїђріЋ рІхрѕерѕхрЇц┬а

РъА№ИЈ рІІріЊ рІІріЊ рІерЅБрѕѕрІхрѕГрѕ╗ ріаріФрѕІрЅх рѕѕрІџрЅй ріарїѕрѕГ рЅйрїЇрѕГ рѕўрЇЇрЅхрѕё ріЦрѕхріФрѕЇріљрІ░рЇЅ рІхрѕерѕхрЇБ ріЦрІџрѕЁ ріарїѕрѕГ рѕхрѕѕрѕЮрѕГрїФ рѕЏрѕ░рЅЦ рЅђрѕЇрІх ріљрІЇрЇб ""

Q. рѕўрѕЇріФрѕЮ ріарѕхрЅ░рІ│рІ░рѕГріЋ рѕхрѕѕрѕўрѕерІўрІЇ рЅЦрѕЇрѕ╣ ріарѕ░рѕФрѕГ рЇЊрѕГрЅ▓рІј рѕЮріЋ рІГрѕІрѕЇ ?┬а

ріарЅХ рїЇрѕГрѕЏ рЅарЅђрѕѕ рЇд

"" рІерІџрѕЁ ріарІГріљрЅх рЅЦрѕЇрѕ╣ ріарѕ░рѕФрѕГ рЅаріарїѕрѕФрЅйріЋ рЅарЅ│рѕфріГ рІЇрѕхрїЦ рІерїѕрїарѕўріЋ рїірІю рІерѕѕрѕЮ рЅаріарїГрѕЕрЇб ріарѕўрѕ░рїЇріЊрѕѕрѕЂ ! ""

#TikvahEthiopiaFamilyAA
#HiberEthiopia #рѕЋрЅЦрѕГ

@tikvahethiopia",2024-05-22 09:12:41+00:00
87813,,2024-05-22 09:12:41+00:00
87812,"#рібрЅхрІ«рїхрІФ #ріаріФрѕЇрїЅрІ│рЅ░ріърЅй

Рђю ріарїарЅЃрѕІрІГ рІерѕєріљ рІеріаріФрѕЇ рїЅрІ│рЅ░ріърЅй рІерѕЁрїЇ рѕЏрІЋрЅђрЇЇ ріЦріЋрЇѕрѕЇрїІрѕѕріЋ РђЮ - рІерѕЁрїЇ рЅБрѕѕрѕЎрІФ ріаріФрѕЇ рїЅрІ│рЅ░ріърЅй рѕЏріђрЅарѕГ

рІерібрЅхрІ«рїхрІФ рІерѕЁрїЇ рЅБрѕѕрѕЎрІФ ріаріФрѕЇ рїЅрІ│рЅ░ріърЅй рѕЏріђрЅарѕГ┬а Рђю рѕхрѕѕрѕерЅѓрЅЁ рІеріаріФрѕЇ рїЅрІ│рЅ░ріърЅй рѕўрЅЦрЅХрЅй ріарІІрїЁ ріарІФрІФрІЮ рЅарібрЅхрІ«рїхрІФ рІерѕўрІѕрІФрІФ рѕўріљрѕ╗ рѕђрѕ│рЅЦ РђЮ рЅарѕџрѕЇ рѕГрІЋрѕ░ рїЅрІ│рІГ ріерЇЇрЅхрѕЁ рѕџріњрѕхрЅ┤рѕГ рІерѕЋрїЇ рѕЏрѕГрЅђрЅЁ рЅБрѕѕрѕЎрІФрІјрЅИ рїІрѕГ ріерѕ░рѕъріЉріЋ рІерѕЮріГріГрѕГ ріарІЇрІ░ рїЦріЊрЅх ріарІхрѕГрїЊрѕЇрЇб

рІерѕЮріГріГрѕГ ріарІЇрІ░ рїЦріЊрЅ▒ рІІріљріЏ рІЊрѕІрѕЏ рЅарібрЅхрІ«рїхрІФ рІерѕџрїѕріЎ ріе20 рѕџрѕірІ«ріЋ рЅарѕІрІГ ріаріФрѕЇ рїЅрІ│рЅ░ріърЅй рЅ░рїарЅЃрѕџ рІФрѕЇрѕєріЉрЅБрЅ░рЅИрІЇріЋрЇд
- рІерібрі«ріќрѕџрЇБ
- рІерЅхрѕЮрѕЁрѕГрЅхрЇБ┬а
- рІерЅЁрїЦрѕГрЇБ┬а
- рІерѕЏріЁрЅарѕФрІі рЅ░рѕ│рЅхрЇјрІјрЅйріЊ рІерѕўрЅЦрЅх рїЦрѕ░рЅХрЅй рЅйрїЇрѕ«рЅйріЋ ріЦріЋрІ▓рЅђрѕерЇЇ Рђю рѕЂрѕѕріЋрЅ░ріЊрІі рІеріаріФрѕЇ рїЅрІ│рЅ░ріърЅй рѕўрЅЦрЅХрЅй ріарІІрїЁ РђЮ рѕѕрѕЏрІЇрїБрЅх рѕЏріђрЅарѕЕ ріеріарїІрѕГ ріаріФрѕІрЅх рїІрѕГ рЅарЅ░рІўрїІрїђрІЇ рѕерЅѓрЅЁ ріарІІрїЁ рѕІрІГ рІЇрІГрІГрЅх рѕЏрІхрѕерїЇ ріљрЅарѕГрЇб

рЅарѕўрѕГрѕђ рїЇрЅЦрѕЕ рІерЅ░рїѕріўрІЇ рЅ▓ріГрЅФрѕЁ рібрЅхрІ«рїхрІФрЇБ рІФрѕЅрЅх ріаріФрѕЇ рїЅрІ│рЅ░ріърЅйріЋ рІерЅ░рѕўрѕѕріерЅ▒ рѕЁрїјрЅйрѕх рЅарЅхріГріГрѕЇ ріЦрІерЅ░рЇѕрїИрѕЎ ріљрІЇ рІѕрІГ ? рІГрѕЁ рѕерЅѓрЅЁ ріарІІрїЁрѕх рЅарІўрѕГрЇЅ┬а рІФрѕЅрЅхріЋ рЅйрїЇрѕ«рЅй рѕѕрѕўрЅЁрѕерЇЇ рѕЮріЋ рїЅрѕЇрѕЁ рѕџріЊ ріарѕѕрІЇ ? рѕ▓рѕЇ рѕЏріђрЅарѕЕріЋ рїарІГрЅІрѕЇрЇб

рІерѕЏріђрЅарѕЕ рІІріЊ рІ│рІГрѕгріГрЅ░рѕГ ріарЅХ рѕЎрѕ┤ рїЦрѕІрѕЂріЋ рЅарѕ░рїАрЅх рЅЃрѕЇрЇБ Рђю ріаріФрѕЇ рїЅрІ│рЅ░ріърЅйріЋ рІерѕџрѕўрѕѕріерЅ▒ рІерЅ░рІѕрѕ░ріЉ (рїЦрЅЁрѕЇ/рїЇрѕЇрЇЁ рІФрѕЇрѕєріЉ) рѕЁрїјрЅй ріарѕЅрЇб рЅаріарїарЅЃрѕІрІГ ріаріФрѕЇ рїЅрІ│рЅ░ріърЅйріЋ рЅарѕЏрѕхрѕўрѕЇріерЅх рібрЅхрІ«рїхрІФ рІЇрѕхрїЦ рІеріљрЅарѕЕ рѕЁрїјрЅй рЅарѕГріФрЅ│ рЅйрїЇрѕ«рЅй ріарѕЅрЅБрЅИрІЇ РђЮ рЅЦрѕѕрІІрѕЇрЇб

рІерЅ░рІѕрѕ░ріЉ рѕЁрїјрЅй рЅбріќрѕЕрѕЮрЇд
- рїЦрЅЁрѕЇ/рїЇрѕЇрїй рІФрѕЇрѕєріЉрЇБ
- ріарѕхрЇѕрї╗рѕџ ріаріФрѕЇ рІерѕїрѕІрЅИрІЇрЇБ
- рЅ░рїарІФрЅѓріљрЅхріЋ рІерѕЏрІФрѕ░рЇЇріЉрЇБ┬а
- рІЮрѕГрІЮрѕГ рѕўрѕўрѕфрІФ рІерѕїрѕІрЅИрІЇ рЅарѕўрѕєріЊрЅИрІЇ рІеріљрЅарѕЕрЅх рѕЁрїјрЅй ріарѕхрЅ╗рІГ рѕЂріћрЅ│ ріЦріЋрІ│рІГрЇѕрїЦрѕЕ ріарІхрѕГрїЊрЅИрІІрѕЇ РђЮ ріљрІЇ рІФрѕЅрЅхрЇб

Рђю рІѕрЅЁрЅ▒ріЋ рІерІІрїђ рІерІѕрЅЁрЅ▒ріЋ рІеріаріФрѕЇ рїЅрІ│рЅ░ріърЅй рїЦрІФрЅё рѕірѕўрѕЇрѕх рІерѕџрЅйрѕЇ рІЊрѕѕрѕЮ ріарЅђрЇЇ рІеріаріФрѕЇ рїЅрІ│рЅ░ріърЅй ріЦріЋрЅЁрѕхрЅЃрѕ┤ріЋ рѕўрѕарѕерЅх рІФрІ░рѕерїѕ ріарІІрїЁ рІерѕѕрѕЮ РђЮ рІФрѕЅрЅх ріарЅХ рѕЎрѕ┤рЇБ рЅарѕѓрІ░рЅх рѕІрІГ рІФрѕѕрІЇ Рђю рѕЂрѕѕріЋрЅ░ріЊрІі рІеріаріФрѕЇ рїЅрІ│рЅ░ріърЅй рѕўрЅЦрЅХрЅй ріарІІрїЁ РђЮ рѕ▓рІѕрїБ рЅйрїЇрѕЕріЋ рѕірЅђрѕГрЇЇ ріЦріЋрІ░рѕџрІГрЅйрѕЇ ріарѕхрѕерІхрЅ░рІІрѕЇрЇб

рѕерЅѓрЅЁ ріарІІрїЂрЇд
- рІеріаріФрѕЇ рїЅрІ│рЅ░ріърЅйріЋ рЅ░рїарЅЃрѕџріљрЅх рѕѕрѕЏрѕерїІрїѕрїЦ рїЇрѕЇрїй рІерѕєріљ рЅарїђрЅх ріЦріЋрІ▓ріќрѕГрЇБ
- рІеріаріФрѕЇ рїЅрІ│рЅ░ріЏ рЅцрЅ░рѕ░рЅдрЅй рІерѕџрІ░рѕГрѕхрЅБрЅИрІЇріЋ рѕўрїѕрѕѕрѕЇріЊ ріарІхрѕј рЅйрїЇрѕГ рІерѕџрЅђрѕГрЇЇрЇБ┬а
- ріаріФрѕЇ рїЅрІ│рЅ░ріърЅй рЅарѕЁріЋрЇЃрЇБ рЅхрѕЮрѕЁрѕГрЅхрЇБ рЅарЅхрѕФріЋрѕхрЇќрѕГрЅх рЅ░рІ░рѕФрѕйріљрЅ│рЅИрІЇ ріЦріЋрІ▓рѕерїІрїѕрїЦ рІерѕџрІФрІ░рѕГрїЇрЇБ┬а
- ріерІЇрїЕ рѕђрїѕрѕФрЅх рІерѕџрїѕрЅА ріаріФрѕЇ рїЅрІ│рЅ░ріърЅй рІерѕџрїарЅђрѕЎрЅБрЅИрІЇ рѕўрѕ│рѕфрІФрІјрЅй ріерЅђрѕерїЦ ріљрї╗ ріЦріЋрІ▓рїѕрЅА рїГрѕЮрѕГ рІерѕџрІ░ріљрїЇрїЇ рѕўрѕєріЉріЋ рЅ░ріЊрїЇрѕерІІрѕЇрЇб

#TiavahEthiopiaFamilyAA

@tikvahethiopia",2024-05-22 09:11:30+00:00
87811,,2024-05-22 09:11:30+00:00
87810,,2024-05-22 09:11:30+00:00
87809,,2024-05-22 09:11:30+00:00
87808,"#Tecno #Camon30Pro5G

Tecno Camon 30 pro 5G  рЅаріарѕхрїѕрѕФрѕџ рЅ┤ріГріќрѕјрїѓрІјрЅй ріЦріЊ рЅаріарїѕрѕЇрїЇрѕјрЅ▒ рѕЇрЅє рІерЅђрѕерЅа рІерІўрѕўріЉ рѕЮрѕГрїЦ рѕхрѕЇріГ! 

#Camon30Et #Camon30pro5GEt #Camon30 #Camon30Pro5G #TecnoEt",2024-05-22 09:11:21+00:00
87807,"рѕЂрѕЅріЋрѕЮ рІерїЇріЋрЅБрЅ│ рЅБрѕѕрѕЎрІФрІјрЅй ріЦрІерїарѕФріЋ ріљрІЇрЇб

рЅарЅбрїЇ рЇІрІГрЅГ рі«ріЋрѕхрЅхрѕФріГрЅх рібрЅхрІ«рїхрІФ 2016 рѕѕрІГ рІерѕџрѕ│рЅ░рЇЅ ріе150 рЅарѕІрІГ рІерїЇріЋрЅБрЅ│рІЇ рІўрѕГрЇЇ рЅЦрѕФріЋрІХрЅйріЋ рІГрЅ░рІІрІѕрЅЂрЇб 

рІЕріЊрІГрЅхрІх ріарѕерЅЦ рібрѕЮрѕгрЅхрЇБ рїБрѕЇрІФріЋрЇБ рїђрѕГрѕўріЋрЇБ рібрЅхрІ«рїхрІФрЇБ рѕ│рІЇрІ▓ ріарѕерЅбрІФрЇБ рѕЁріЋрІхрЇБ рЅ▒рѕГріГріЊ рідрѕхрЅхрѕфрІФріЋ рїерѕЮрѕ« ріерЅ░рѕѕрІФрІЕ 20 рѕЃрїѕрѕФрЅх рЅ░рІѕріГрѕѕрІЇ ріерѕџрѕўрїА рЅ░рѕ│рЅ│рЇірІјрЅй(ріарЅЁрѕФрЅбрІјрЅй) рїІрѕГ рІГрїѕріЊріЎрЇб

рІеріарЅЁрѕФрЅб рІхрѕГрїЁрЅХрЅйріЋ рІЮрѕГрІЮрѕГ рІГрѕўрѕЇріерЅ▒рЇд https://bit.ly/44BfWyw

рІГрѕЁ рЅарІўрѕГрЇЅ рѕўрѕЇріФрѕЮ рѕхрѕЮ ріФрЅ░рѕерЇЅ рІхрѕГрїЁрЅХрЅй рїІрѕГ рІерѕўрїѕріЊріўрЅх ріарѕхрІ░рѕ│рЅй ріарїІрїБрѕџ ріарІФрѕЮрѕЇрїЦрІј! 

рЅаріљрї╗ рѕѕрѕўрїЇрЅБрЅх ріЦрІџрѕЁ рІГрѕўрІЮрїѕрЅА https://bit.ly/3UsrL5I 

рЅарЅбрїЇ рЇІрІГрЅГ рі«ріЋрѕхрЅхрѕФріГрЅх рібрЅхрІ«рїхрІФ",2024-05-22 09:11:15+00:00
87806,"#рібрЅхрІ«рїхрІФ #рЅ│рѕфріГ

рІерЅђрІхрѕърІЇ рЇЋрѕгрІюрІ│ріЋрЅх рѕђрїѕрѕГ рїЦрѕѕрІЇ ріерІѕрїА рЅаріЃрѕІ рѕѕ7 рЅђріЊрЅх рібрЅхрІ«рїхрІФріЋ рІФрѕхрЅ░рІ│рІ░рѕЕрЅх рѕї/рїђріљрѕФрѕЇ рЅ░рѕхрЇІрІг рїѕ/ріфрІ│ріЋ ріЊрЅИрІЇрЇб

рІе7 рЅђріЉ рѕўріЋрїЇрѕЦрЅх рЅарІѕрЅЁрЅ▒ ' рІерЅ░рѕхрЇІрІгрІјрЅй рѕўріЋрїЇрѕхрЅх ' рІерѕџрѕЇ рѕхрѕЮ рЅ░рѕ░рїЦрЅХрЅх ріљрЅарѕГрЇб рІГрѕЁ рѕхрІФрѕю рІерЅ░рѕ░рїарІЇ рЇд

- рЅ░рѕхрЇІрІг рїѕ/ ріфрІ│ріЋ РъА№ИЈ рЅ░рїарЅБрЅБрЅѓ рЇЋрѕгрІюрІ│ріЋрЅх
- рЅ░рѕхрЇІрІг рІ▓ріЋрЅЃ РъА№ИЈ рїарЅЁрѕІрІГ рѕџріњрѕхрЅхрѕГ
- рЅ░рѕхрЇІрІг рІѕрѕЇрІ░рѕхрѕІрѕ┤ РъА№ИЈ рІерѕђрїѕрѕГ рІЇрѕхрїЦ рїЅрІ│рІГ рѕџріњрѕхрЅхрѕГ
- рЅ░рѕхрЇІрІг рЅ│рІ░рѕ░ РъА№ИЈ рІерІЇрїГ рїЅрІ│рІГ рѕџріњрѕхрЅхрѕГ рѕєріљрІЇ рЅарѕўрѕЙрѕЏрЅИрІЇ ріљрІЇрЇб

рѕї/рїёріљрѕФрѕЇ рЅ░рѕхрЇІрІг рЅарЅ░рѕѕрІГрѕЮ рЇд

"" #рІерібрЅхрІ«рїхрІФ_рѕЁрІЮрЅЦ_рѕ░рѕІрѕЮ_рїарѕЮрЅХрЅ│рѕЇрЇб рІерЅйрїЇрѕ«рЅй рѕЂрѕЅ рѕЮріЋрїГ рІерѕ░рѕІрѕЮ рѕўрЅ│рїБрЅх рЅарѕўрѕєріЉ рЅђрІ│рѕџрІЇ рїЅрїЅрЅ▒ріЊ ріЊрЇЇрЅєрЅ▒ рѕ░рѕІрѕЮ ріљрІЇрЇб 

рЅарѕ░рѕюріЋрѕЮ рѕєріљ рЅарІ░рЅАрЅЦрЇБ рЅарѕЮрѕхрѕФрЅЁрѕЮ рѕєріљ рЅарѕЮрІЋрѕФрЅЦ рЅарѕўрѕЃрѕЇрѕЮ рѕєріљ рЅарІ░ріЋрЅарѕГ рібрЅхрІ«рїхрІФрІі ріЦріЊрЅхрЇБ рібрЅхрІ«рїхрІФрІі ріарЅБрЅхрЇБ рІерІѕрІ░рЇірЅх рЅБрѕѕрЅ░рѕхрЇІ рІерѕєріљрІЇ рІѕрїБрЅх рѕЂрѕЅ ріерѕЮріЋ рїірІю рЅарѕІрІГ рѕЮріърЅ▒ рѕ░рѕІрѕЮ ріљрІЇрЇб "" рЅарѕџрѕѕрІЇ ріЋрїЇрїЇрѕФрЅИрІЇ рІГрЅ│рІѕрѕ│рѕЅрЇб

ріе7 рЅђріЊрЅх рІе ' рЅ░рѕхрЇІрІгрІјрЅй рѕўріЋрїЇрѕЦрЅх ' рЅаріЃрѕІ рібрѕЁріарІ┤рїЇ рѕђрїѕрѕфрЅиріЋ рЅ░рЅєрїБрїарѕе рЇц 17 рІЊрѕўрЅ│рЅхріЋ рЅарѕхрѕЇрїБріЋ рѕІрІГ рІерЅєрІерІЇ рІ░рѕГрїЇрѕЮ ріЦрѕхріерІѕрІ▓рІФріЏрІЇ рѕІрІГрѕўрѕѕрѕх ріаріерЅ░рѕўрЇб

#рібрЅхрІ«рїхрІФ #Ethiopia 
#TikvahEthiopia

@tikvahethiopia",2024-05-21 19:45:20+00:00
87805,"#Ethiopia

рІерЅђрІхрѕърІЇ рІерібрЅхрІ«рїхрІФ рЇЋрѕгрІюрІ│ріЋрЅх рі«рѕјріћрѕЇ рѕўріЋрїЇрѕЦрЅ▒ ріЃрѕѕрѕЏрѕГрІФрѕЮ рѕђрїѕрѕГ рїЦрѕѕрІЇ ріерІѕрїА рІЏрѕг рІхрЇЇріЋ 33 рІЊрѕўрЅх рѕєріЌрЅИрІІрѕЇрЇб

рІерЅђрІхрѕъ рІерібрЅхрІ«рїхрІФ рѕўрѕф рїЇріЋрЅдрЅх 13 рЅђріЋ 1983 рІЊ/рѕЮ ріљрІЇ ріерѕђрїѕрѕГ рІерІѕрїАрЅхрЇб

рІерІхрѕГрїЇ рІЇрІхрЅђрЅхріЋ ріЦріЊ рІе #рібрѕЁріарІ┤рїЇ рІѕрІ░ ріарІ▓рѕх ріарЅарЅБ рѕўрЅЃрѕерЅЦріЋ рЅ░ріерЅхрѕј ріерѕђрїѕрѕГ ріЦріЋрІ░рІѕрїА рІерѕџріљрїѕрѕГрѕІрЅИрІЇ рі«/рѕї рѕўріЋрїЇрѕЦрЅ▒ ріЃрѕѕрѕЏрѕГрІФрѕЮ рЅаріаріЋрІх рІѕрЅЁрЅх рЇц "" ріЦріћ рі«рЅЦрѕЇрІг ріарѕЇрІѕрїБрѕЂрѕЮ "" рѕ▓рѕЅ ріљрЅарѕГ рЅЃрѕІрЅИрІЇріЋ рІерѕ░рїАрЅхрЇб

рігріЋрІФ рІерѕёрІ▒рЅхрѕЮ ' #ріарѕ░рЅЦ ' рЅарѕ╗рІЋрЅЦрІФ рЅарѕўрІФрІЎ рѕѕрѕўрѕЇрѕХ рѕЏрїЦрЅЃрЅх рІерѕџрѕєріЋ рѕїрѕІ рЅарѕГ ріЦріЋрІ▓ріќрѕГ ріерігріЋрІФрЇБ ріерїЁрЅАрЅ▓ ріЦріЊ рѕ░рѕюріЋ рѕХрѕЏрѕірІФ рѕўріЋрїЇрѕхрЅ│рЅх рїІрѕГ рѕѕрѕўріљрїІрїѕрѕГріЊ рѕѕрѕўрѕўрѕѕрѕх ріЦріЋрІ░ріљрЅарѕеріЊ рІГрѕЁрѕЮ рїЦрЅЦрЅЁ рѕџрѕхрїЦрѕФрІі рїЅрІъ ріЦріЋрІ░рѕєріљ рЅ░ріЊрїЇрѕерІЇ ріљрЅарѕГрЇб

рїЦрІІрЅх 2:20 рІѕрІ░ рігріЋрІФ рїЅрІъ ріЦріЋрІ░рїђрѕўрѕЕ ріЦрІџрѕЁ рѕхрЅЦрѕ░рЅБ рѕўрїђрѕўрѕЕріЊ рігріЋрІФ ріЦріЋрІ│рѕЅ ріерЅђріЋ 7:00 рѕ░рІЊрЅх ріерѕхрѕЇрїБріЋ ріЦріЋрІ░рІѕрѕерІ▒ ріЦріЋрІ░рѕ░рѕЎ рїѕрѕЇрїИрІЇ ріљрЅарѕГрЇб

рЅарѕФрѕ│рЅИрІЇ ріаріЋрІ░рЅарЅхрѕЮ рЇЦ рѕЮріЋрѕЮ ріарІГріљрЅх #рїѕрЇі рѕЮріГріЋрІФрЅх рЅарѕїрѕѕрЅарЅх рЅаріарѕ╗рїЦрѕГ ріерѕђрїѕрѕГ ріЦріЋрІ▓рІѕрїА рѕўрїѕрІ░рІ▒ріЋ ріљрІЇ рЅаріаріЋрІх рІѕрЅЁрЅх рѕ▓ріЊрїѕрѕЕ рІерЅ░рІ░рѕўрїАрЅхрЇб

рІЏрѕг рѕІрІГ рѕђрїѕрѕГ рїЦрѕѕрІЇ ріерІѕрїА 33 рІЊрѕўрЅх рІерІ░рЇѕріЊрЅИрІЇ рі«рѕјріћрѕЇ рѕўріЋрїЇрѕЦрЅ▒ ріЃрІГрѕѕрѕЏрѕГрІФрѕЮ рЅарІџрѕЮрЅБрЅАрІг рІЇрѕхрїЦ рІГріќрѕФрѕЅрЇб

рІерЅђрІхрѕърІЇ рІерібрЅхрІ«рїхрІФ рЇЋрѕгрІюрІ│рЅх ріерІЊрѕўрЅ│рЅх рЅарЇірЅх  рЇд
┬░ рЅарІўрѕГ рѕЏрїЦрЇІрЅх рЇБ 
┬░ рЅарїЇрІхрІФрЇБ 
┬░ ріерѕЁрїЇ рІЇрїф рѕ░рІјрЅйріЋ рЅарѕЏрѕ░рѕГ
┬░ ріЋрЅЦрѕерЅхріЋ рЅарѕўрІЇрѕерѕх рїЦрЇІрЅ░ріЏ рЅ░рЅЦрѕѕрІЇ рЅарѕїрѕЅрЅарЅх #рІерѕърЅх рЇЇрѕГрІх рЅ░рІѕрѕхріќрЅБрЅИрІІрѕЇрЇб

@tikvahethiopia",2024-05-21 19:15:16+00:00
87804,"#рЅхрїЇрѕФрІГ

рІерЅхрїЇрѕФрІГ ріГрѕЇрѕЇ рїірІюрІФрІі рѕўрѕхрЅ░рІ│рІхрѕГ рЅхріЊріЋрЅх рѕїрѕірЅх рЅарѕФрІФ рІЊрІўрЅд рІѕрѕерІ│ ріерЅЦрЅх рЅарѕўрїарЅарЅЁ рѕІрІГ рІеріљрЅарѕЕ рІѕрїѕріќрЅй "" рЅарїЇрЇЇ рЅ░рїерЇЇрїГрЇѕрІЇ рѕўрїѕрІ░рѕІрЅИрІЇріЋ "" рїѕрѕѕрїИрЇб

ріарѕхрЅ░рІ│рІ░рѕЕ рѕЮріЋ рІФрѕЁрѕЇ рѕ░рІјрЅй┬аріЦріЋрІ░рЅ░рїѕрІ░рѕЅріЊ рїЇрІхрІФ рІерЅ░рЇѕрїИрѕўрЅарЅхріЋ рѕЇрІЕ рѕхрЇЇрѕФ рЅарЅ░рѕўрѕѕріерЅ░ рЅарІГрЇІ рІФрѕѕрІЇ ріљрїѕрѕГ рЅБрІГріќрѕГрѕЮ рІхрѕГрїірЅ▒ріЋ "" рІўрїЇріЊріЮ рІѕріЋрїђрѕЇ "" рЅЦрѕјрЅ│рѕЇрЇб

"" рІѕріЋрїђрѕЅріЋ рІерЇѕрїИрѕЎ ріаріФрѕІрЅх ріерІЊрЇІрѕГ ріаріерЅБрЅб рІерѕўрїА ріЊрЅИрІЇ "" рЅЦрѕј "" рѕЏріЋріљрЅ│рЅИрІЇріЋ рЅарѕџрѕўрѕѕріерЅх рїЦрЅЦрЅЁ ріГрЅхрЅхрѕЇ ріЦрІФрІ░рѕерїЇріЋ ріљрІЇ "" рѕ▓рѕЇ ріарѕ│рІЇрЅІрѕЇрЇб

рІеріарЇІрѕГ ріГрѕЇрѕЇ рѕўріЋрїЇрѕхрЅхріЊ рІерЇїрІ░рѕФрѕЇ рЇќрѕірѕхрѕЮ рІѕріЋрїђрѕѕріърЅйріЋ рЅ░ріерЅ│рЅхрѕѕрІЇ рЅарѕўрІФрІЮ рІѕріЋрїђрѕЇ рІѕрІ░ рЇѕрЇђрѕЎрЅарЅх ріаріерЅБрЅб рѕўрїЦрЅ░рІЇ рІГрІ│ріЎ рІўріЋрІх ріЃрѕІрЇіріљрЅ│рЅИрІЇріЋ ріЦріЋрІ▓рІѕрїА рѕ▓рѕЇ рїЦрѕф ріарЅЁрѕГрЅДрѕЇрЇб

рІерЅхрїЇрѕФрІГ ріГрѕЇрѕЇ рїірІюрІФрІі ріарѕхрЅ░рІ│рІ░рѕГрЇц "" рІерѕФрІФ рІЊрІўрЅд рІѕрѕерІ│ рѕЁрІЮрЅЦ ріЦріЊ ріарѕхрЅ░рІ│рІ░рѕГ рѕЂріћрЅ│рІЇріЋ рѕѕрѕЏрѕерїІрїІрЅх ріЦріЊ рѕѕрѕўрЅєрїБрїарѕГ рІФрІ░рѕерїЅрЅх ріерЇЇрЅ░ріЏ рїЦрѕерЅх┬а ріЦрїЁрїЇ рІерѕџрЅарѕерЅ│рЅ│ ріљрІЇ "" рЅЦрѕЈрѕЇрЇб

рІѕріЋрїђрѕѕріърЅйріЋ рЅарѕўрІФрІЮ ріЦріЊ рѕѕрѕЋрїЇ рѕѕрѕЏрЅЁрѕерЅЦ рІерѕџрІФрІ░рѕГрїѕрІЇріЋ рїЦрѕерЅх ріарїаріЊріГрѕ« ріЦрІерЅђрїарѕѕ рѕўрѕєріЉріЋ рѕѕрѕЁрІЮрЅА ріарѕ│рІЇрЅІрѕЇрЇб

@tikvahethiopia",2024-05-21 19:13:54+00:00
87803,"#рїЦріЊрЅх

"" рѕ┤рЅХрЅйріЋ рЅарібріЋрЅ░рѕГріћрЅх рѕІрІГ рѕўрѕ│рІ░рЅЦ ріЦріЊ рѕЏрѕхрЇѕрѕФрѕФрЅх рібрЅхрІ«рїхрІФ рІЇрѕхрїЦ рІерЅ░рѕѕрѕўрІ░ рІерібріЋрЅ░рѕГріћрЅх рѕІрІГ рѕўрїЇрЅБрЅбрІФ рѕўріЋрїѕрІх рѕєріЌрѕЇ "" 

рѕ┤ріЋрЅ░рѕГ рЇјрѕГ рібріЋрЇјрѕГрѕюрѕйріЋ рѕгрІџрѕірІФріЋрѕх / #CIR / рїЙрЅ│ріЋ рѕўрѕ░рѕерЅх рІФрІ░рѕерїѕ рІерідріЋрѕІрІГріЋ рїЦрЅЃрЅхріЊ рЅхріЋрі«рѕ│ рЅ░рЇЁріЦріќрІјрЅй рѕІрІГ рІФрїаріЊрІЇріЋ рѕ░рЇі рїЦріЊрЅх рЅарЅЁрѕГрЅА рІГрЇІ ріарІхрѕГрїј ріљрЅарѕГрЇб

рїЦріЊрЅ▒ рѕЂрѕѕрЅх ріГрЇЇрѕјрЅй рІГрІЪрѕЇрЇб

рІерѕўрїђрѕўрѕфрІФрІЇ рІеріерІџрѕЁ рЅђрІ░рѕЮ рїЦріЊрЅХрЅй рЇц рЅарібріЋрЅ░рѕГріћрЅх рѕўрІхрѕері«рЅй рѕІрІГ ріЋрЅЂ рЅ░рѕ│рЅхрЇј рІФрѕІрЅИрІЇ / рІеріљрЅарѕФрЅИрІЇріЋріЊ рїЦрЅЃрЅх рІерІ░рѕерѕ░рЅБрЅИрІЇріЋ рѕ┤рЅХрЅй рЅЃрѕѕ рѕўрїарІГрЅЁ рІерІФрІў ріљрІЇрЇб

рѕЂрѕѕрЅ░ріЏрІЇ рЅа3 (рЅ┤рѕїрїЇрѕФрѕЮрЇБ рЇїрѕхрЅАріГрЇБ X) рІерѕЏріЁрЅарѕФрІі рЅхрѕхрѕхрѕГ рїѕрїЙрЅй рѕІрІГ рїЦріЊрЅх рІФрІ░рѕерїѕ ріљрІЇрЇб

рЅарїЦріЊрЅ▒ ріЦріЋрІ░рЅ░рїѕрѕѕрїИрІЇ рѕ┤рЅХрЅй рѕІрІГ рІерѕџрІ░рѕГрѕ▒ рІерїЦрѕІрЅ╗ ріЋрїЇрїЇрѕ«рЅй рЅаріерЇЇрЅ░ріЏ рѕЂріћрЅ│ рїерѕЮрѕ»рѕЇрЇб

рѕЏріЁрЅарѕФрІі рѕџрІ▓рІФрІјрЅй рѕІрІГ рЅарЅ░рІ░рѕерїѕрІЇ рїЦріЊрЅх рѕЮріЋ рЅ░рїѕріў ?

рїЦріЊрЅ▒ рЅа4 рЅІріЋрЅІрІјрЅй (ріарѕЏрѕГріЏ рЇБ ріарЇІріЋ рідрѕ«рѕъ рЇБ рЅхрїЇрѕГріЏ ріЦріЊ ріЦріЋрїЇрѕірІўріЏ) рІерїЦрѕІрЅ╗ ріЋрїЇрїЇрѕ«рЅйріЋ ріерібріЋрЅ░рѕГріћрЅх рѕІрІГ рѕѕрѕўрѕѕрІерЅх рІерѕџрІФрїЇрІЎ 2058 рїЦрЅЃрЅх ріарІўрѕЇ рЅЃрѕІрЅХрЅйріЋ рЅарѕўрѕЮрѕерїЦ рЅ░рІ░рѕГрїЊрѕЇрЇб

рЅЃрѕІрЅХрЅ╣ рЅарЅ░ріерЅ│рЅ│рІГ рІЇрІГрІГрЅХрЅй ріЦріЊ рїЦріЊрЅХрЅй рІерЅ░рѕѕрІЕ рІе "" рїЦрѕІрЅ╗ ріЋрїЇрїЇрѕГ "" ріЋ рІГрїѕрѕЇрї╗рѕЅ рІерЅ░рЅБрѕЅ ріЊрЅИрІЇрЇб

ріарїарЅЃрѕІрІГ ріерЅ░рѕ░рЅарѕ░рЅарІЇ рѕўрѕерїЃ 44.5 рЅарѕўрЅХ рІерЅЦрѕћрѕГ рїЦрѕІрЅ╗ріЋ рѕ▓рІѕріГрѕЅ рЇц 30.2 рЅарѕўрЅХ рЇєрЅ│ріЋ рібрѕІрѕЏ рІФрІ░рѕерїЅ рїЦрѕІрЅ╗ ріЋрїЇрїЇрѕ«рЅй ріЊрЅИрІЇрЇб ріерѕЃрІГрѕЏріќрЅх рїІрѕГ рІерЅ░рІФрІФрІЎ 17.5 ріерѕўрЅХ рІГрІГрІЏрѕЅрЇб

рѕ┤рЅХрЅй (77.8 ріерѕўрЅХ) ріерІѕріЋрІХрЅй (22.2 ріерѕўрЅХ) рЅарѕІрІГ рІерїЦрѕІрЅ╗ ріЋрїЇрїЇрѕГ рІГрІ░рѕерѕхрЅБрЅИрІІрѕЇрЇАрЇА 

рЅарЅ░рїерѕЏрѕфрѕЮ рѕ┤рЅХрЅй (13.5 ріерѕўрЅХ) ріерІѕріЋрІХрЅй (9.2 ріерѕўрЅХ) рЅарѕѕрІГ Рђў#рІЏрЅ╗РђЎ рІерІФрІЎ ріЋрїЇрїЇрѕ«рЅйріЋ рІФрѕхрЅ░ріЊрїЇрІ│рѕЅрЇАрЇА

Рђў #рѕхрІхрЅдрЅй РђЎ ріеріарїарЅЃрѕІрІГ рїЦрЅЃрЅх 36.6 ріерѕўрЅХ рЅарѕўрІФрІЮ рІІріЊ рІхрѕГрѕ╗ рІерѕџрІГрІЎ рѕ▓рѕєріЋ рІЏрЅ╗ріЊ рѕЏрѕхрЇѕрѕФрѕфрІФрІјрЅй рІ░рїЇрѕъ 13.4 ріерѕўрЅХ рІГрІГрІЏрѕЇрЇАрЇА

рЅарЅЃ рѕѕрѕўрїарІГрЅЁ рІерЅ░рѕ│рЅ░рЇЅ рѕ┤рЅХрЅй рѕЮріЋ ріарѕЅ?

"" рЅарібріЋрЅ░рѕГріћрЅх рѕІрІГ рѕ┤рЅХрЅйріЋ рѕўрѕ│рІ░рЅЦ ріЦріЊ рѕЏрѕхрЇѕрѕФрѕФрЅх рібрЅхрІ«рїхрІФ рІЇрѕхрїЦ рІерЅ░рѕѕрѕўрІ░ рІерібріЋрЅ░рѕГріћрЅх рѕІрІГ рѕўрїЇрЅБрЅбрІФ рѕўріЋрїѕрІх рѕєріЌрѕЇ "" рѕ▓рѕЅ рїѕрѕЇрїИрІІрѕЇрЇб

ріе21 рЅарѕўрЅХ рЅарѕІрІГ рІерѕџрѕєріЉрЅх рІерїЦріЊрЅ▒ рЅ░рѕ│рЅ│рЇірІјрЅй рЇБ рїЦрЅЃрЅх рЇѕрї╗рѕџрІјрЅйрЇБ рѕЃрІГрѕЏріќрЅхріЋ ріЦріЋрІ░рѕйрЇІріЋ рЅ░рїарЅЁрѕўрІЇ рїЦрЅЃрЅх ріЦріЋрІ│рІ░рѕерѕ▒рЅБрЅИрІЇ ріаріЋрѕхрЅ░рІІрѕЇрЇб

рЅарІ░рѕерѕ░рЅБрЅИрІЇ рїЦрЅЃрЅх рЅарѕЏрѕЁрЅарѕФрІі рЅхрѕЦрѕЦрѕГ рІхрѕе-рїѕрїЙрЅй рѕІрІГ ріЦріЋрІ▓рѕЂрѕЮ ріерібріЋрЅ░рѕГріћрЅх рІЇрїф рІФрѕЅ рѕЏрѕђрЅарѕФрІі ріЦріЋрЅЁрѕхрЅЃрѕ┤рІјрЅй рѕІрІГ рІФрѕІрЅИрІЇріЋ рЅ░рѕ│рЅхрЇј ріЦріЋрІ▓рІФрЅєрѕЎ ріЦріЊ рІЮрѕЮрЅ│ріЋ ріЦріЋрІ▓рѕўрѕГрїА рѕўрїѕрІ░рІ│рЅИрІЇріЋ рїѕрѕЇрїИрІІрѕЇрЇб

рїЦріЊрЅ▒ріЋ рЅарІџрѕЁ рІФрїѕріЏрѕЅ­ЪЉЄ
https://www.info-res.org/tfgbvinethiopia

@tikvahethiopia",2024-05-21 18:21:12+00:00
87802,"рІе ZTE рѕхрѕЇрі«рЅйріЋ рЅарЅ░рѕўрїБрїБріЮ рІІрїІ!

рІерІюрІх.рЅ▓.ріб 5рїѓ рЅЦрѕїрІх ріц73 ріЦріЊ рІюрІх.рЅ▓.ріб рЅЦрѕїрІх рЅф40 рЇЋрѕ«  рѕ▓рїѕрІЎ рІеріаріЋрІх ріарѕўрЅх рІе2 рїі.рЅБ рІѕрѕГрѕђрІі рІерІЕрЅхрІЕрЅЦ рїЦрЅЁрѕЇріЋ рїерѕЮрѕ« рѕѕ3 рЅ░ріерЅ│рЅ│рІГ рІѕрѕФрЅх рІерІ│рЅ│ріЊ рІхрѕЮрїй рїЦрЅЁрѕЇ рЅарѕхрїдрЅ│ рІФрїѕріЏрѕЅ!

рЅаріарЅЁрѕФрЅбрІФрІј рЅарѕџрїѕріЎ рІеріарїѕрѕЇрїЇрѕјрЅх рѕЏрІЋріерѕјрЅ╗рЅйріЋ ріЦріЋрІ▓рѕЂрѕЮ рІеріарІ▓рѕх ріарЅарЅБ рІ░ріЋрЅаріърЅ╗рЅйріЋ рЅарЅ┤рѕїрїѕрЅарІФ рІхрѕерїѕрїй рїГрѕЮрѕГ https://telegebeya.ethiotelecom.et/ рІФрїѕріЪрЅИрІІрѕЇ!

рІерІюрІх.рЅ▓.ріб 5рїѓ рЅЦрѕїрІх ріц73 ріЦріЊ рІюрІх.рЅ▓.ріб рЅЦрѕїрІх рЅф40 рЇЋрѕ« рѕ▓рїѕрІЎ ріЦрѕхріе рїЇріЋрЅдрЅх 23 рІхрѕерѕх рІеріцрѕГрЇќрІх рѕхрїдрЅ│ рІФрїѕріЏрѕЅ!

#Ethiotelecom #telebirr #DigitalAfrica #DigitalEthiopia #RealizingDigitalEthiopia",2024-05-21 18:21:04+00:00
87801,"#AddisAbaba

рїЊрІ░ріЏрЅИрІЇріЋ #рЅарѕўрїЇрІ░рѕЇ рѕ▓рІФрѕйріерѕеріГрѕерІЇ рІеріљрЅарѕерІЇріЋ рѕўріфріЊ рІѕрѕхрІ░рІЇ рЅ░рѕ░рІЇрѕерІІрѕЇ рІерЅ░рЅБрѕЅ рѕЂрѕѕрЅх рїЇрѕѕрѕ░рЅдрЅй рЅ░рІФрІЎрЇб

рІерІѕріЋрїђрѕЇ рІхрѕГрїірЅ▒ рІерЅ░рЇѕрЇђрѕўрІЇ рїЇріЋрЅдрЅх 8 рЅђріЋ 2016 рІЊ/рѕЮ рЅарїЅрѕѕрѕї ріГрЇЇрѕѕ ріерЅ░рѕЏ рІѕрѕерІ│ 8 рѕ░рѕюріЋ рѕЏрІўрїІрїЃ рЅ░рЅЦрѕј рЅарѕџрїарѕФрІЇ ріаріФрЅБрЅб ріљрІЇрЇАрЇА

рїѕ/рѕџріФріцрѕЇ рѕ░рІГрЇЅ рІерЅ░рЅБрѕѕрІЇ рѕЪрЅй рІерІѕріЋрїђрѕЇ рЇѕрЇЃрѕџрІјрЅ╣ рІерЅЁрѕГрЅЦ рїЊрІ░ріЏ ріљрІЇрЇб

рїЊрІ░ріЏрѕЏрЅ╗рЅЙрЅ╣ рЅарІерІЋрѕѕрЅ▒ ріЦрІерЅ░рїѕріЊріЎ ріарЅЦрѕерІЇ рІерѕџрІЇрѕЅрЇБ рІерѕџрІЮріЊріЉ ріЦріЊ рЅаріЦрїЁрїЅ рІерїаріљріерѕе рІерїЊрІ░ріЮріљрЅх рїЇріЋріЎріљрЅх рІФрѕІрЅИрІЇ рІерѕ▒рѕЅрѕЇрЅ│ ріерЅ░рѕЏ ріљрІІрѕфрІјрЅй ріЦріЋрІ░рѕєріЉ┬а рЅ░рїарѕГрїБрѕфрІјрЅ╣ рѕѕрЇќрѕірѕх рЅарѕ░рїАрЅх рЅЃрѕЇ ріарѕерїІрїЇрїарІІрѕЇрЇб

рЅарІЋрѕѕрЅ▒ рѕЪрЅй рЅарІѕріЋрїђрѕЅ ріерЅ░рїарѕерїарѕЕрЅх ріерѕЂрѕѕрЅ▒ рїЊрІ░ріърЅ╣ рїІрѕГ ріарЅЦрѕ« рѕ▓рІЮріЊріЊ ріЦріЋрІ│рѕўрѕИ рЅ│рІЇрЅІрѕЇрЇб

рЅ░рїарѕГрїБрѕфрІјрЅ╣┬а рЅ┤рІјрІхрѕ«рѕх рЅ│ріерѕѕ ріЦріЊ┬а рѕ▓рѕ│рІГ рїЦрѕІрѕЂріЋ ріерѕЮрѕйрЅ▒ 5 рѕхрІЊрЅх рїѕрІ░рѕЏ рІерїЊрІ░ріЏрЅИрІЇріЋ┬а ріаріЋрїѕрЅх рЅарѕЏріљрЅЁ рѕЁрІГрІѕрЅ▒ ріЦріЋрІ▓рІФрѕЇрЇЇ ріФрІ░рѕерїЅ рЅаріІрѕІ ріарѕхріГрѕгріЉріЋ рѕўріЋрїѕрІх рѕІрІГ рЅарѕўрїБрѕЇ┬а рѕърЅБрІГрѕЇ рѕхрѕЇріЕріЋріЊ рѕўрЅ│рІѕрЅѓрІФрІЇріЋ рїерѕЮрѕ« рЅарІѕрЅЁрЅ▒ рѕ▓рІФрѕйріерѕеріГрѕерІЇ рІеріљрЅарѕерІЇріЋ рІерѕ░рѕїрІ│ рЅЂрїЦрѕГ рі«рІх 4-15624 рібрЅх рѕўріфріЊ рІѕрѕхрІ░рІЇ рЅ░рѕ░рІЇрѕерІІрѕЇрЇб

рЇќрѕірѕх рІерІѕріЋрїђрѕЅ рѕфрЇќрѕГрЅх ріерІ░рѕерѕ░рІЇ рЅаріІрѕІ рЅБрІ░рѕерїѕрІЇ рІФрѕЇрЅ░рЅІрѕерїа ріГрЅхрЅхрѕЇ рІѕріЋрїђрѕЅріЋ рЇѕрЇЁрѕўрІІрѕЇ рЅ░рЅЦрѕѕрІЇ рІерЅ░рїарѕерїарѕЕрЅхріЋ рїЇрѕѕрѕ░рЅдрЅй рѕѕрІГрЅХ рЅарѕЏрІѕрЅЁ рЅа24 рѕ░рІЊрЅ│рЅх рІЇрѕхрїЦ рЅарЅЂрїЦрїЦрѕГ рѕхрѕГ ріарІЇрѕЈрЅИрІІрѕЇрЇАрЇА 

ріаріЋрІ░ріЏрІЇ рЅ░рїарѕГрїБрѕф ріеріарІерѕГ рїцріЊ ріаріФрЅБрЅб рІерЅ░рІФрІў рѕ▓рѕєріЋ рѕЂрѕѕрЅ░ріЏрІЇ рЅ░рїарѕГрїБрѕф рІ░рїЇрѕъ рѕ▒рѕЅрѕЇрЅ│ ріерЅ░рѕЏ рІЇрѕхрїЦ рѕірїѕріЮ рЅйрѕЈрѕЇрЇАрЇА

рЇќрѕірѕх рїЇрѕѕрѕ░рЅдрЅ╣ріЋ рЅарЅЂрїЦрїЦрѕГ рѕхрѕГ ріФрІІрѕѕ рЅаріІрѕІ ріФрЅаріЊрІѕріљрІЇ рѕЮрѕГрѕўрѕФ рІерѕЏрѕхрЇІрЅх рѕхрѕФ рІерѕ░рѕерЅЂрЅхріЋ рЅ░рѕйріерѕГріФрѕф рЅарѕИрїѕрѕГ ріерЅ░рѕЏ "" рІѕрѕѕрЅ┤ "" рЅ░рЅЦрѕј рІѕрІ░рѕџрїарѕФрІЇ ріаріФрЅБрЅб рЅарѕўрІЇрѕ░рІх ріЦріЋрІ▓рѕИрїЦрѕІрЅИрІЇ рѕѕріаріЋрІх рїЇрѕѕрѕ░рЅЦ ріЦріЋрІ░рѕ░рїАрЅх ріарѕерїІрїЇрїДрѕЇрЇб

рѕўріфріЊрІЇрѕЮ ріерЅєрѕўрЅарЅх рЅарѕЮрѕфрЅх ріЦріЋрІ▓рѕўрѕѕрѕх рЅ░рІ░рѕГрїЊрѕЇрЇАрЇА

рЅ░рѕйріерѕГріФрѕфрІЇріЋ рѕѕрѕўрѕИрїЦ рЅ░рѕхрѕЏрѕЮрЅХ ріерЅ░рїарѕГрїБрѕфрІјрЅ╣ рІерЅ░рЅђрЅарѕѕрІЇріЋ рїЇрѕѕрѕ░рЅЦ рЅарЅЂрїЦрїЦрѕГ рѕхрѕГ рѕѕрѕЏрІѕрѕЇ ріГрЅхрЅхрѕЇ ріЦрІерЅ░рІ░рѕерїѕ ріЦріЋрІ░рѕџрїѕріЮ рІеріарІ▓рѕх ріарЅарЅБ рЇќрѕірѕх ріарѕхрЅ│рІЇрЅІрѕЇрЇб

#AddisAbabaPolice

@tikvahethiopia",2024-05-21 14:07:32+00:00
87800,,2024-05-21 14:07:32+00:00
87799,,2024-05-21 14:07:32+00:00
87798,"#рІерїЁрЅЦ_рѕўріЋрїІ 

рІерїЁрЅЦ рѕўріЋрїІ ріерЇЇрЅ░ріЏ рІерѕєріљ рѕхрїІрЅх рЅарѕўрЇЇрїарѕЕ ріљрІІрѕфрІјрЅй рЅарїірІю рІѕрІ░ рЅцрЅ│рЅИрІЇ ріЦріЋрІ▓рїѕрЅА рЇц рѕўрїарїЦ рЅцрЅХрЅйрѕЮ ріерѕЮрѕйрЅх 12:00 рѕ░рІЊрЅх рЅаріЃрѕІ ріЦріЋрІ│рІГрѕ░рѕЕ рЅ░ріерѕѕріерѕЅрЇб

рЅарІ▓рѕІ рІЎрѕфрІФ рІѕрѕерІ│ #рІерїЁрЅЦ_рѕўріЋрїІ рЅарѕ░рІЇ рѕІрІГ рїЅрІ│рЅх рѕЏрІхрѕерѕ▒ріЋ рІерІѕрѕерІ│рІЇ рЇќрѕірѕх рїй/рЅцрЅх ріарѕхрЅ│рІЇрЅІрѕЇрЇб

ріерІџрѕЁ рЅарЇірЅх рЅБрѕЇрЅ░рѕѕрѕўрІ░рІЇ рѕўрѕЇріЕ рЅарІ▓рѕІ рІЎрѕфрІФ рІѕрѕерІ│ ріаріЋрІ│ріЋрІх ріаріерЅБрЅбрІјрЅй рІерїЁрЅЦ рѕўріЋрїІ рїЅрІ│рЅх ріЦрІФрІ░рѕерѕ░ ріљрІЇ рЅ░рЅЦрѕЈрѕЇрЇб

рѕЁрЅЦрѕерЅ░рѕ░рЅА ріерЇЇрЅ░ріЏ рїЦріЋрЅЃрЅё ріЦріЋрІ▓рІФрІ░рѕГрїЇ рѕЏрѕ│рѕ░рЅбрІФ рЅ░рѕ░рїЦрЅирѕЇрЇб

рїЇріЋрЅдрЅх 11/2016 рЅарѕйрїІрІХ рЅђрЅарѕї рѕЇрІЕ рЅдрЅ│рІЇ "" рЅБрЇІріќ "" рЅ░рЅЦрѕј рЅарѕџрїарѕФрЅарЅх ріаріерЅБрЅб ріаріЋрІх рїЇрѕѕрѕ░ріЋ ріарѕЮрѕйрЅ░рІЇ рІѕрІ░ рЅцрЅ│рЅИрІЇ рѕ▓рѕўрѕѕрѕ▒ рЅарїЁрЅЦ рѕўріЋрїІ рѕўрЅарѕІрЅ│рЅИрІЇріЋ рЇќрѕірѕх рїѕрѕЇрї┐рѕЇрЇб

рїЇрѕѕрѕ░рЅА рІѕрІ░ рЅцрЅх рѕ│рІГрѕўрѕѕрѕ▒ рЅарѕўрЅЁрѕерЅ│рЅИрІЇ рЅцрЅ░рѕ░рЅдрЅй рЇЇрѕѕрїІ рЅарІѕрїАрЅарЅх рІѕрЅЁрЅх рѕўріЋрїѕрІх рѕІрІГ рѕЇрЅЦрѕх рЇБ рїФрѕЏ ріЦріЊ рІерЅ░рѕѕрІФрІЕ рІерѕ░рІЇріљрЅх ріГрЇЇрѕјрЅй рЇБ рІерЅђрѕЕ рѕхрїІріЊ ріарїЦріЋрЅх рѕЏрїЇріљрЅ│рЅИрІЇріЋ рЅ░ріерЅхрѕј рѕѕрЇќрѕірѕх рЅарѕ░рїАрЅх рїЦрЅєрѕЏ ріљрІЇ рїЇрѕѕрѕ░рЅА рЅарїЁрЅЦ рѕўрЅарѕІрЅ│рЅИрІЇ рІерЅ░рѕерїІрїѕрїарІЇрЇб

рЅаріаріерЅБрЅбрІЇ рѕІрІГ ріерЇЇрЅ░ріЏ рІерїЁрЅЦ рїЕріИрЅх ріЦріЋрІ░ріљрЅарѕе ріеріаріерЅБрЅбрІЇ рѕЏрѕЁрЅарѕерѕ░рЅЦ рѕЏрѕерїІрїѕрїЦ рѕўрЅ╗рѕЅріЋ рЇќрѕірѕх ріарѕўрѕЇріГрЅирѕЇрЇб

рІерїЁрЅЦ рѕўріЋрїІ ріЦріЋрЅЁрѕхрЅЃрѕ┤ рѕхрїІрЅх рЅарѕўрїерѕўрѕЕ рЇд
┬░ ріљрІІрѕфрІјрЅй рЅарїірІю рІѕрІ░рІерЅцрЅ│рЅИрІЇ┬а ріЦріЋрІ▓рїѕрЅА
┬░ ріљрІІрѕфрІјрЅй рѕЏріЋріЏрІЇрѕЮ рІерѕЏрѕЁрЅарѕФрІі ріЦріЋрЅЁрѕхрЅЃрѕ┤ ріФрІ░рѕерїЅ рЅаріЃрѕІ рЅарїірІю рІѕрІ░рЅцрЅх ріЦріЋрІ▓рѕўрѕѕрѕ▒
┬░ рїѕрЅарІФ ріерѕёрІ▒рѕЮ рЅарїірІю рІѕрІ░ рЅцрЅх ріЦріЋрІ▓рїѕрЅА
┬░ рѕЇрїєрЅй рІерЅцрЅх ріЦріЋрѕхрѕ│рЅхріЋ рѕ▓рїарЅЦрЅЂ рїЦріЋрЅЃрЅё ріЦріЋрІхрІФрІ░рѕГрїЅ рІѕрІ░ рїФріФ рІЇрѕхрїЦ ріЦріЋрІ│рІГрѕёрІ▒ ріарѕ│рѕхрЅДрѕЇрЇб

рЅарЅ░рїерѕЏрѕф рѕЏріљріЏрІЇрѕЮ рѕўрїарїЦ рЅцрЅХрЅй ріЦрѕхріе рѕЮрѕйрЅ▒ 12:00 рѕ░рІЊрЅх рЅЦрЅ╗ рѕўрѕхрѕФрЅх ріЦріЋрІ│рѕѕрЅБрЅИрІЇ ріерІџрѕЁ рІЇрїГ ріЦріЋрѕєріЊрѕѕріЋ рЅхрІЋрІЏрІЎріЋ ріаріЊріерЅЦрѕГрѕЮ рЅарѕџрѕЅрЅх рѕІрІГ ріЦрѕГрѕЮрїЃ ріЦріЋрІ░рѕџрІѕрѕ░рІх ріарѕхрїаріЋрЅЁрЅІрѕЇрЇб

рЅ▓ріГрЅФрѕЁ рібрЅхрІ«рїхрІФ рЅарЅЁрѕГрЅА рЅарѕхрѕЇрїц рІъріЋрЇБ рЅарѕђрѕІрЅБ рІЎрѕфрІФ рЇБ рЅарѕђрІІрѕ│ рІЎрѕфрІФ рІерЅ░рѕФрЅА рїЁрЅдрЅй рїЅрІ│рЅх рѕЏрІхрѕерѕ│рЅИрІЇріЋ рІерѕџрїѕрѕЇрї╣ рѕўрѕерїЃрІјрЅйріЋ рѕЏріФрЇѕрѕЅ рІГрЅ│рІѕрѕ│рѕЇрЇб

рІерѕЏрІЋріерѕІрІі рібрЅхрІ«рїхрІФ ріГрѕЇрѕЇ рІерѕарѕІрѕЮ ріЦріЊ рїИрїЦрЅ│ рЅбрѕ« рѕѕрЅ▓ріГрЅФрѕЁ рібрЅхрІ«рїхрІФ рЅарѕ░рїарІЇ рЅЃрѕЇрѕЮ рЇц рЅаріерЇЇрЅ░ріЏ рѕЂріћрЅ│ рІерѕџріЋрЅђрѕ│рЅђрѕх #рІерїЁрЅЦ_рѕўріЋрїІ рѕўріерѕ░рЅ▒ріЋ рЅарѕўрїЇрѕѕрїй рѕЏрѕЁрЅарѕерѕ░рЅА рѕірїаріљрЅђрЅЁ ріЦріЋрІ░рѕџрїѕрЅБ рѕЏрѕ│рѕ░рЅА ріарІГрІўріљрїІрѕЮрЇб

@tikvahethiopia",2024-05-21 12:52:42+00:00
87797,"рЅхрѕЮрѕЁрѕГрЅх рѕџріњрѕхрЅ┤рѕГ рІерѕўрІЇрїФ рЇѕрЅ░ріЊ рІхрїІрѕџ рЅ░рЇѕрЅ│ріърЅй рІерѕЮрІЮрїѕрЅБ рїірІюріЋ ріарѕ│рІѕрЅђрЇб

рЅа2016 рІЊ/рѕЮ рѕ░ріћ рІѕрѕГ рѕІрІГ рІерѕџрѕ░рїарІЇріЋ рІерѕўрІЇрїФ рЇѕрЅ░ріЊ рЅарІхрїІрѕџ рѕѕрѕўрІЇрѕ░рІх рЅарѕўрїарЅБрЅарЅЁ рѕІрІГ рІерѕџрїѕріЎ рЅ░рЇѕрЅ│ріърЅй рѕЮрІЮрїѕрЅБ рІерѕџріеріЊрІѕріљрІЇ ріерїЇріЋрЅдрЅх 14 ріЦрѕхріе 21/2016 рѕўрѕєріЉріЋ рЅхрѕЮрѕЁрѕГрЅх рѕџріњрѕхрЅ┤рѕГ ріарѕ│рІЇрЅІрѕЇрЇб

рІерѕЮрІЮрїѕрЅБ ріГрЇЇрІФ 500.00 рЅЦрѕГ рЅарѕўріГрЇѕрѕЇ рЅа https://exam.ethernet.edu.et рЅаріЕрѕЇ рѕўрѕўрІЮрїѕрЅЦ рІГрЅйрѕІрѕЅ рЅ░рЅЦрѕЈрѕЇрЇб

рІеріарїѕрѕЇрїЇрѕјрЅх ріГрЇЇрІФ┬а 500.00 рЅЦрѕГ рЅа ' рЅ┤рѕї рЅЦрѕГ ' рЅЦрЅ╗ рІерѕџрЇѕрїИрѕЮ рѕўрѕєріЉ ріарѕхрїѕріЋрІЮрЅДрѕЇрЇб

#рѕѕрѕўрїђрѕўрѕфрІФ_рїірІю рІерѕўрІЇрїФ рЇѕрЅ░ріЊ рІерѕџрЇѕрЅ░ріЉ ріЦрїЕ рЅ░рѕўрѕФрЅѓрІјрЅй рѕЮрІЮрїѕрЅБ рІерѕџріФрѕёрІ░рІЇ ріЦріЊ рІеріарїѕрѕЇрїЇрѕјрЅх ріГрЇЇрІФ рЅарЅ░рЅІрѕЏрЅИрІЇ рЅаріЕрѕЇ рѕўрѕєріЉріЋ рІерїѕрѕѕрїИрІЇ рѕџріњрѕхрЅ┤рѕЕ ріарѕхрЇѕрѕІрїі рІерѕўрЇѕрЅ░ріЏ рѕўрѕерїЃрІјрЅйріЋ рЅарЅ░рЅІрѕЏрЅИрІЇ рЅаріЕрѕЇ ріЦріЋрІ░рѕџрІ░рѕГрѕ│рЅИрІЇ ріарѕ│рІЇрЅІрѕЇрЇб

@tikvahethiopia",2024-05-21 12:41:06+00:00
87796,"#Tecno #Camon30Pro5G

Tech РђЊ art leather рЅ┤ріГріќрѕјрїѓ рЅарѕўрїарЅђрѕЮ ріЦрїЁрїЇ рІўрѕўріЊрІі рІ▓рІЏрІГріЋ рІерЅ░рѕІрЅарѕ░рІЇ ріарІ▓рѕ▒ Tecno Camon 30 pro 5G рѕЮрѕГрїФрІј рІФрІхрѕерїЅ!

#Camon30Et #Camon30pro5GEt  #Camon30 #Camon30Pro5G #TecnoEt",2024-05-21 12:40:59+00:00
87795,,2024-05-21 12:40:51+00:00
87794,"#Abyssinia_Bank 

The First Bank in Ethiopia to acquire PCI DSS v4.0 РђЊ Level 1

In its effort to elevate security and enhance customer safety, Bank of Abyssinia proudly announces its compliance with PCI DSS РђЊ Level 1 for the second consecutive year, in v4.0 this time. We are also a valued Visa Global Registry service provider. Acquiring PCI DSS in v4.0 makes Bank of Abyssinia the first in Ethiopia and among the few in East Africa, showcasing its commitment to securing your data. This certification, from the Payment Card Industry Council, ensures the security of sensitive card data and prevents fraud, promoting trustworthy transactions for our customers.",2024-05-21 12:40:51+00:00
87793,"#Hawassa

рЅарѕђрІІрѕ│ ріерЅ░рѕЏ┬арІерѕхрЇЊрѕГрЅх рІЇрѕГрѕГрІх ( #рЅцрЅ▓ріЋрїЇ ) рЅцрЅХрЅй ріЦрІерЅ│рѕИрїЅ / ріЦрІерЅ░рІўрїЅ рІГрїѕріЏрѕЅрЇб

рІГрѕЁ рЅ░ріерЅхрѕј рІерѕхрЇќрѕГрЅх рІЇрѕГрѕГрІх рЅцрЅх рЅБрѕѕрЅцрЅХрЅй "" ріЦріЋрІ┤рЅх рІеріЋрїЇрІх рЇѕрЅЃрІх ріЦрІФрѕѕріЋ рІГрІўрїІрЅЦріЊрѕЇ ? "" рѕ▓рѕЅ рЅЁрѕгрЅ│рЅИрІЇріЋ рѕѕрЅ▓ріГрЅФрѕЁ рібрЅхрІ«рїхрІФ ріарЅЁрѕГрЅарІІрѕЇрЇб

ріЦріљрІџрѕЁ рІерѕхрЇќрѕГрЅх рІЇрѕГрѕГрІх рЅцрЅХрЅй ріерІѕрѕФрЅх рЅарЇірЅх рЅарЅ░рѕѕрІФрІЕ рѕЮріГріњрІФрЅХрЅй рЅ░рІўрїЇрЅ░рІЇ рІерЅєрІЕ рѕ▓рѕєріЋ рЅарЅЁрѕГрЅА рЅ░ріерЇЇрЅ░рІЇ ріљрЅарѕГрЇб

ріарѕЂріЋ рѕІрІГ рЅ░рѕўрѕЇрѕ░рІЇ рѕўрІўрїІрЅх/рѕўрЅ│рѕИрїЇ рѕўрїђрѕўрѕФрЅИрІЇ рїЇрѕФ ріЦріЋрІ│рїІрЅБрЅИрІЇріЊ рѕЇріГ ріЦріЋрІ░рЅБрѕѕрЇѕрІЅ рїірІю ріерѕхрѕФрЅИрІЅ рЅ░рѕхрЅ░рїЊрїЅрѕѕрІЇ рЅцрЅх рѕўрІІрѕЇ рѕўрїђрѕўрѕФрЅИрІЇ ріЦріЋрІ│рѕ│рІўріЊрЅИрІЇ рЅЁрѕгрЅ│ ріарЅЁрѕФрЅбрІјрЅ╣ рїѕрѕЇрїИрІІрѕЇрЇб

рїЅрІ│рІЕріЋ рЅарЅ░рѕўрѕѕріерЅ░ рІерЅ▓ріГрЅФрѕЁ рібрЅхрІ«рїхрІФ рѕђрІІрѕ│ рЅцрЅ░рѕ░рЅЦ ріарЅБрѕЇ рЇЦ 
┬░ рЅцрЅХрЅ╣ріЋ рѕѕрѕЮріЋ рЅ│рѕИрїЅ ? 
┬░ рѕўрЇЇрЅхрѕёрІЇрѕх рѕЮріЋрІхріЋ ріљрІЇ ? рѕ▓рѕЇ рІерѕђрІІрѕ│ ріерЅ░рѕЏ рЇќрѕірѕх рѕўрѕЮрѕфрІФ ріарІЏрІЦ рібріЋрѕхрЇћріГрЅ░рѕГ рѕўрѕЇріФрѕЎ ріарІерѕѕріЋ рїарІГрЅІрѕЇрЇб

ріЦрѕ│рЅИрІЇрѕЮ рЇц "" #рЅарѕ▓рІ│рѕЏ_ріГрѕЇрѕЇ_рѕхрѕГ рІерІѕрїБ ріаріЋрІхрѕЮ рІеріЋрїЇрІх рЇѕрЅЃрІх рІерѕѕрѕЮ "" рЅЦрѕѕрІІрѕЇрЇб

"" ріерІѕрѕФрЅх рЅарЇірЅх ріеріљрІџрѕЁ ріаріФрѕІрЅх (рЅцрЅ▓ріЋрїЇ рЅцрЅХрЅй) рїІрѕГ рЅаріљрЅарѕеріЋ рІЇрІГрІГрЅх рІеріЋрїЇрІх рЇѕрЅЃрІх рЅарѕЏрІЇрїБрЅх рѕЁрїІрІі ріЦріЋрІ▓рѕєріЉ рЅ░рїЇрЅБрЅЦрЅ░ріЋ ріљрЅарѕГ "" рѕ▓рѕЅ ріарѕхрЅ│рІЇрѕ░рІІрѕЇрЇб

"" рІГрѕЂріЋріЊ ріерѕерІЦрѕЮ рїірІю рЅаріІрѕІ рІ│рїЇрѕЮ рѕхріЊрїБрѕФ ріарѕЂріЋрѕЮ рѕЁрїІрІі рѕўрѕєріЋ ріарѕЇрЅ╗рѕЅрѕЮ "" рІФрѕЅрЅх рѕђрѕІрЇірІЇ "" ріерІџрѕЁ рЅБрѕѕрЇѕрѕЮ ріЦріљрІџрѕЁ рЅцрЅХрЅй рЅарЅхрѕЮрѕЁрѕГрЅх рЅцрЅх рЇБ рЅарѕђрІГрѕЏріќрЅх рЅ░рЅІрѕЏрЅхріЊ рЅарѕўріќрѕфрІФ рѕ░рЇѕрѕ«рЅй ріЦріЋрІ▓рѕ░рѕЕ ріарІГрЇѕрЅђрІхрѕЮ рѕїрѕІрІЅ рІерѕўрІўрїІрЅ│рЅИрІЅ рѕЮріГріњрІФрЅх рІГріИрІЇ ріљрІЇ "" рѕ▓рѕЅ ріарѕ│рІЇрЅђрІІрѕЇрЇб 

рѕѕрїЇрѕѕрѕ░рЅдрЅ╣ рЅарѕ░рѕІрѕЏрІі рѕўріЋрїѕрІх рѕЮріГріЋрІФрЅ▒ рЅ░ріљрїЇрѕ»рЅИрІЇ рЅцрЅ│рЅИрІЅ ріЦрІерЅ░рІўрїІ рѕўрѕєріЉріЋ рІерїѕрѕѕрї╣рЅх ріарІЏрІА рЇц "" ріерІџрѕЁ рІЅрїГ ' рїѕріЋрІўрЅЦ рЅ░рІѕрѕ░рІ░рЅЦріЮ ' ріЦріЋрІ▓рѕЂрѕЮ ' рІеріарѕІрїЇрЅБрЅЦ рѕЁрїѕрІѕрїЦ рІерѕєріљ рЅ░рїЇрЅБрѕГ рЅ░рЇѕрїйрѕърЅЦріЏрѕЇ ' рІерѕџрѕЇ ріаріФрѕЇ рЅарѕЏріЋріЏрІЅрѕЮ рѕ░ріарЅх рІѕрІ░ рѕђрІІрѕ│ ріерЅ░рѕЏ рЇќрѕірѕх рѕўрѕЮрѕфрІФ рЅарѕўрѕЮрїБрЅх рѕірІФрѕўрѕѕріГрЅх рІГрЅйрѕІрѕЇ "" рЅЦрѕѕрІІрѕЇрЇб

рЅцрЅХрЅ╣ рЅ░рѕўрѕЇрѕ░рІЇ #рІерѕўріерЇѕрЅх ріЦрІхрѕЇ ріарѕІрЅИрІЅ рІѕрІГ ? рЅ░рЅЦрѕѕрІЇ рІерЅ░рїарІерЅЂрЅх рібріЋрѕхрЇћріГрЅ░рѕГ рѕўрѕЇріФрѕЎ ріарІерѕѕ "" рѕўрїђрѕўрѕфрІФ рѕЁрїІрІі рІГрѕЂріЉ ріерІЏ рЅаріІрѕІ ріерЇќрѕірѕх рЅарЅ░рїерѕЏрѕф рІерѕџрѕўрѕѕріерЅ│рЅИрІЅ ріаріФрѕІрЅх рІерѕџрѕўрѕѕріерЅ▒рЅх рїЅрІ│рІГ рІГрѕєріЊрѕЇ "" рѕ▓рѕЅ рѕЮрѕІрѕй рѕ░рїЦрЅ░рІЇріЊрѕЇрЇб

#TikvahEthiopiaFamilyHawassa

@tikvahethiopia",2024-05-20 19:05:09+00:00
87792,"#Update

рІерЇїрІ┤рѕФрѕЇ ріерЇЇрЅ░ріЏ рЇЇрѕГрІх рЅцрЅх рѕЇрІ░рЅ│ рѕЮрІхрЅЦ 3ріЏ рІерѕЎрѕхріЊ рІѕріЋрїђрѕЇ рЅйрѕјрЅх ріЦріљ рЅђрѕ▓рѕх рЅарѕІрІГ рѕўрі«ріЋріЋ рЇќрѕірѕх рїБрЅбрІФ ріЦріЋрІ▓рЅєрІЕ ріарІЪрѕЇрЇб

рЅарІІрѕх рїЦрІФрЅёрІФрЅИрІЇ рІЏрѕгрѕЮ рІЇрІхрЅЁ рЅ░рІ░рѕГрїЊрѕЇрЇб

рЅђрѕ▓рѕх рЅарѕІрІГ рѕўрі«ріЋріЋ рЅарЅйрѕјрЅ▒ рЇЦ "" рЇќрѕірѕх рІГрІъріЮ рѕ│рІГрѕєріЋ ріЦрѕФрѕ┤ ріљрІЇ рІерѕёрІхріЕрЅх "" рЅЦрѕѕрІІрѕЇрЇАрЇА

"" #рЅЦрІЎ_рІерѕђрїѕрѕГ_рїЅрІ│рІГ рЅаріЦрїё рѕхрѕІрѕЅ рїЦрЇІ рЅЦрЅБрѕЇ ріЦріЋрі│ рІерѕЮрїарЇІ рѕхрѕІрѕЇрѕєріЋріЕ рЇц рЅарїцріЊрІг рѕІрІГ рЅарІ░рѕерѕ░рІЇ ріЦріГрѕЇріЊ рЅарЅцрЅ░рѕ░рЅдрЅ╝ рѕІрІГ рЅарІ░рѕерѕ░рІЇ рЅйрїЇрѕГ рЇЇрѕГрІх рЅцрЅ▒ рІерІІрѕхрЅхріЊ рѕўрЅЦрЅх рІГрїарЅЦрЅЁрѕЇріЮ "" рѕ▓рѕЅ рїарІГрЅђрІІрѕЇрЇб

рІерЅЦрІЎ рѕЇрїєрЅй ріарѕ│рІ│рїіріЊ рІерЅцрЅ░рѕ░рЅЦ ріарѕхрЅ░рІ│рІ│рѕф ріЦріЋрІ░рѕєріЉ рїарЅЁрѕ░рІЇ рЅарІІрѕх ріеріЦрѕхрѕГ ріЦріЋрІ▓рІѕрїА рїарІГрЅђрІЇ ріљрЅарѕГрЇб

рЇЇрѕГрІх рЅцрЅх рїЇріЋ рѕЂрѕЅрѕЮ рЅ░ріерѕ│рѕЙрЅй рЅарЇќрѕірѕх рїБрЅбрІФ рѕєріљрІЇ рїЅрІ│рІФрЅИрІЇріЋ ріЦріЋрІ▓ріерЅ│рЅ░рѕЅ ріарІЪрѕЇрЇб

рЅђрѕ▓рѕх рЅарѕІрІГ рѕўрі«ріЋріЋ рЅарѕђрѕ░рЅ░ріЏ рѕ░ріљрІх ріеріарЇЇрѕфріФ ріЁрЅЦрѕерЅх рІерібрЅхрІ«рїхрІФ ріЋрїЇрІх рЅБріЋріГ ріаріФрІЇріЋрЅх рѕІрІГ #ріе6_рѕџрѕірІ«ріЋ рІХрѕІрѕГ рЅарѕІрІГ рѕѕрѕЏрІЇрїБрЅх рѕЎріерѕФ ріарІхрѕГрїѕрІІрѕЇ рЅ░рЅЦрѕѕрІЇ ріарЅЦрѕерІІрЅИрІЇ ріеріљрЅарѕЕрЅх рѕ░рІјрЅй рїГрѕЮрѕГ рѕўрЅ│рѕ░рѕФрЅИрІЇ ріарІГрІўріљрїІрѕЮрЇб

рІФріЋрЅЦрЅА : https://telegra.ph/DW-05-20 #рІХрЅ╝рЅерѕѕ

@tikvahethiopia",2024-05-20 18:52:46+00:00
87791,"#рібрѕФріЋ

"" ...ріарѕюрѕфріФ рЅаріарЅфрІерѕйріЋ рІўрѕГрЇЇ рѕІрІГ рІерїБрѕѕрЅйрІЇ рѕЏрІЋрЅђрЅЦ рѕѕріарІ░рїІрІЇ рѕўріЋрѕхрІћ ріљрІЇ "" - рѕЎрѕљрѕўрІх рїЃрЅФрѕГ рІЏрѕфрЇЇ

рІерібрѕФріЋ рІерЅђрІхрѕърІЇ рІерІЇрїГ рїЅрІ│рІГ рѕџріњрѕхрЅхрѕГ рѕЎрѕЃрѕўрІх рїЃрЅФрѕГ рІЏрѕфрЇЇ рЇБ рІерібрѕФріЋ рЇЋрѕгрІЮрІ│ріЋрЅх ріЦріЊ рѕїрѕјрЅй ріерЇЇрЅ░ріЏ рІерібрѕФріЋ рЅБрѕѕрѕхрѕЇрїБріЊрЅх рѕІрІГ рѕѕрІ░рѕерѕ░рІЇ рІерѕёрѕірі«рЇЋрЅ░рѕГ ріарІ░рїІ ріарѕюрѕфріФріЋ рЅ░рїарІФрЅѓ ріарІхрѕГрїѕрІІрѕЇрЇб

рѕЎрѕЃрѕўрІх рїЃрЅФрѕГ рІЏрѕфрЇЇ рЇБ "" #ріарѕюрѕфріФ рЅаріарЅфрІерѕйріЋ рІўрѕГрЇЇ рІерїБрѕѕрЅйрІЇ рѕЏрІЋрЅђрЅЦ рѕѕріарІ░рїІрІЇ рѕўріЋрѕхрІћ ріљрІЇ "" рЅЦрѕѕрІІрѕЇрЇАрЇА

ріерібрѕФріЋ рЅЦрѕёрѕФрІі рЅ┤рѕїрЅфрІЦріЋ рїІрѕГ рЅєрІГрЅ│ рІ░рѕерїЅрЅх рІЏрѕфрЇЇ рЇБ "" рѕЏрІЋрЅђрЅА рібрѕФріЋ #ріарІ│рІ▓рѕх рІеріарЅфрІерѕйріЋ рѕЮрѕГрЅХрЅйріЋ рѕўрїЇрІЏрЅх ріЦріЋрІ│рЅхрЅйрѕЇ ріарІхрѕГрїЊрЅ│рѕЇ "" рѕ▓рѕЅ рЅ░ріЊрїЇрѕерІІрѕЇрЇАрЇА

рібрѕФріЋ ріеріарѕюрѕфріФ рїІрѕГ рїЦрѕЕ рІерѕџрЅБрѕЇ рїЇріЋріЎріљрЅх ріЦріЋрІ░рѕїрѕІрЅх рІГрЅ│рІѕрЅЃрѕЇрЇб

рЅхрѕІріЋрЅх рІерібрѕФріЋ рЇЋрѕгрІЮрІ│ріЋрЅх рібрЅЦрѕФрѕѓрѕЮ рѕФрІГрѕ▓ ріЦріЊ рѕїрѕјрЅй рЅБрѕѕрѕЇрѕхрїБріЊрЅх рїЇрІхрЅдрЅйріЋ рѕўрѕГрЅђрІЇ ріеріерЇѕрЅ▒ рЅаріІрѕІ рІѕрІ░ рЅ│рЅЦрѕфрІЮ ріЦрІФрѕўрѕЕ рѕ│рѕЅ рІеріљрЅарѕЕрЅарЅх рѕѓрѕірі«рЇЋрЅ░рѕГ ріерЅ░рѕФрѕФ рїІрѕГ рЅ░рїІрїГрЅХ рѕЂрѕЅрѕЮ рѕЁрІГрІѕрЅ│рЅИрІЇ ріарѕЇрЇЈрѕЇрЇб

ріарІ░рїІрІЇ рЅарІ░рѕерѕ░рЅарЅх ріаріФрЅБрЅб рѕІрІГ ріЦрїЁрїЇ ріарѕхрЅИрїІрѕф рІеріарІерѕГ рѕЂріћрЅ│ ріЦріЋрІ░ріљрЅарѕГрѕЮ рЅ░рїѕрѕЇрї┐рѕЇрЇб

More РъА№ИЈ @thiqaheth",2024-05-20 18:16:52+00:00
87789,"#AddisAbaba

ріарѕЮрѕхрЅх (5) рЇЊрѕГрі«рЅйріЋ рѕѕрѕЏрѕЇрѕЏрЅх ріе10 рЅбрѕірІ«ріЋ рЅЦрѕГ рѕІрІГ рІерѕџрЇѕрїЁ рІерЇЋрѕ«рїђріГрЅх рїЦріЊрЅх рѕўрІ░рѕерїЅ рЅ░ріљрїѕрѕерЇб

рІеріарІ▓рѕх ріарЅарЅБ ріерЅ░рѕЏ ріарѕхрЅ░рІ│рІ░рѕГ рІерѕЋрІЮрЅЦ рѕўрІЮріЊріЏ рі«рѕГрЇЊрѕгрѕйріЋ ріерѕџрІФрѕхрЅ░рІ│рІхрѕФрЅИрІЇ 10 рЇЊрѕГрі«рЅй рѕўріФріерѕЇ 5рЅ▒ рЅаріЋрїЅрѕ▒ ріЦріЊ рЅарІ░рѕГрїЇ рїірІю рІерЅ░рѕ░рѕЕріЊ ріерѕхрЅ│ріЋрІ│рѕГрІх рЅарЅ│рЅй рЅарѕўрѕєріЊрЅИрІЇ рѕѕрѕЏрѕЇрѕЏрЅх / рІ░рѕерїЃрЅИрІЇріЋ рѕѕрѕЏрѕ╗рѕ╗рѕЇ рЅ│рЅЁрІХ рѕѕ3рЅ▒ рІ▓рІЏрІГріЋ рЅ░рѕ░рѕГрЅХ ріаріЋрІ▒ріЋ рѕЏрѕЇрѕЏрЅх рѕўрїђрѕўрѕЕріЋ ріарѕхрЅ│рІЇрЅІрѕЇрЇб

рі«рѕГрЇЊрѕгрѕйріЉ рІГрѕЁріЋріЋ рІФрѕѕрІЇ рЅБрѕѕрЇѕрІЇ рЅЁрІ│рѕю рЅарѕ░рїарІЇ рѕўрїЇрѕѕрїФ рѕ▓рѕєріЋ рІерѕџрЅ│рІ░рѕ▒рЅхрѕЮ рЇд
- ріЕрЅБ рЇЊрѕГріГрЇБ
- рѕљрѕЮрѕї 19рЇБ
- рЅЦрѕћрѕе рЇЁрїїрЇБ
- рі«рѕфрІФ рІўрѕЏрЅЙрЅй рѕўрЅ│рѕ░рЅбрІФрЇБ
- ріарІ▓рѕх рІЎ (рЇњрі«ріГ) рЇЊрѕГрі«рЅй рѕўрѕєріЊрЅИрІЇріЋ рїѕрѕЇрї┐рѕЇрЇб

рѕѕрѕЏрѕЇрѕЏрЅх рѕЮріЋ рІФрѕЁрѕЇ рЅарїђрЅх рІФрѕхрЇѕрѕЇрїІрѕЇ ? рЅ░рЅЦрѕј рїЦрІФрЅё рІерЅђрѕерЅарѕѕрЅх рі«рѕГрЇќрѕгрѕйріЉ рЇЦ Рђю Estimation рЅарїђрЅ▒ рЅхрѕЇрЅЁ ріљрІЇрЇб рІері«ріЋрѕхрЅхрѕФріГрѕйріЋ рЅарїђрЅХрЅ╣ рЅђрѕІрѕЇ ріарІГрІ░рѕЅрѕЮ РђЮ рЅЦрѕЈрѕЇрЇб

Рђю ріарѕЂріЋ ріарІ▓рѕ▒ ріе10 рЅбрѕірІ«ріЋ рЅЦрѕГ рЅарѕІрІГ рІерѕџрЇѕрїЁ рЇЋрѕ«рїђріГрЅх ріљрІЇ рІерЅ░рїаріЊрІЇрЇб рЅарЅ░рїЇрЅБрѕГ рѕ▓рїѕрЅБ рѕхріЋрЅх рІГрѕєріЊрѕЇ ? рІерѕџрѕѕрІЇ рЅарІѕрЅЁрЅ▒ рІерѕЮріЊрѕ│рІЇрЅЁ рІГрѕєріЊрѕЇрЇб рі«рѕфрІФ рЇЊрѕГріГ рѕІрІГрѕЮ ріЦрІерѕ░рѕФріЋ рІФрѕѕріљрІЇ ріе100 рѕџрѕірІ«ріЋ рЅЦрѕГ рЅБрѕѕрЇѕ рІѕрїф рІФрѕѕрІЇ ріљрІЇ РђЮ рѕ▓рѕЇрѕЮ ріаріГрѕЈрѕЇрЇб

' рѕхрІхрѕхрЅх ріфрѕј ' рІФрѕѕрІЇ рЇЊрѕГріГ рїЦріЋрЅ│рІі ріЦріЊ рЅ│рѕфріФрІі ріерѕўрѕєріЉ рїІрѕГ рЅарЅ░рІФрІФрІў рЅарѕўрѕєріЉ рѕ▓рЅ│рІ░рѕх рІерЅ│рѕфріГ рЅхрІЮрЅ│рІјрЅ╣ ріарІГрїарЇЅрѕЮ рІѕрІГ ? рЅ░рЅЦрѕј рѕѕрЅђрѕерЅарІЇ рїЦрІФрЅёрѕЮрЇБ Рђю 6 ріфрѕјрѕЮ рѕєріљ рѕїрѕјрЅ╣ріЋ рЅарЇірЅх рІФрѕѕрІЇріЋ рѕўрѕарѕерЅ│рІі ріљрїѕрѕГ ріЦріЋрІ▓рѕѕрЅЁ ріарІГрЇѕрѕѕрїЇрѕЮ РђЮ рІерѕџрѕЇ рѕЮрѕІрѕй рѕ░рїЦрЅирѕЇрЇб

Рђю рІерЇЊрѕГрі«рЅй рѕЇрѕЏрЅх рїцріЊрѕЏ рІерѕєріљ рѕЏрѕЁрЅарѕерѕ░рЅЦ ріЦріЋрІ▓ріќрѕГ рІерѕЏрІхрѕерїЇ ріЦрІхрѕЇ рІГріќрѕерІІрѕЇрЇб рѕхрѕѕрІџрѕЁ рЅаріЦріЏ рЅаріЕрѕЇ ріерѕЏріЋріЏрІЇрѕЮ рѕЇрѕЏрЅх рЅарѕІрІГ рЅхріЕрѕерЅх рѕ░рїЦрЅ░ріЋ рІерѕЮріЋрѕ░рѕФрІЇрЇБ рѕЋрІЮрЅЦріЋріЊ рЅ░рЇѕрїЦрѕ«ріЋ рІерѕЏрїѕріЊріўрЅх рїЅрІ│рІГ ріљрІЇ рІерЇЊрѕГріГ рїЅрІ│рІГ РђЮ рЅЦрѕЈрѕЇ рі«рѕГрЇќрѕгрѕйріЉрЇб

Рђю рІерЇЊрѕГріГ рѕЇрѕЏрЅх рѕѕріарІ▓рѕх ріарЅарЅБ рІерѕЁрѕЇрІЇріЊ рїЅрІ│рІГ ріљрІЇрЇб рЅхрѕГрЇЇ рѕхрѕФ ріарІГрІ░рѕѕрѕЮ рЇц рІе Prioritization рѕхрѕФрѕЮ ріарІГрІ░рѕѕрѕЮ ріерѕЮріЋрѕЮ рЅарѕІрІГ рЅЁрІхрѕџрІФ рІерѕџрѕ░рїарІЇ ріљрІЇ рЇц ріарѕѕрЅарѕѕрІџрІФ ріерЅ░рѕЏрІЇ рЅаріаріЋрІх рїђріЋрЅарѕГ рІерѕўрїЦрЇІрЅх ріЦрІхрѕЇ ріљрЅарѕерІЇ РђЮ рѕ▓рѕЇ рїѕрѕЇрї┐рѕЇрЇб

Рђю рЅарІЏ рѕўрѕЇріГ рІерѕЏріЋрѕ░рѕФ ріерѕєріљ рІеріерЅ░рѕЏрІЇ рѕЁрѕЇрІЇріЊ ріарІ░рїІ рѕІрІГ ріљрІЇ рІФрѕѕрІЇрЇб рІерѕЏрѕЁрЅарѕерѕ░рЅА ріаріЌріЌрѕГ рѕѕрЅарѕйрЅ│ рІерѕўрїІрѕѕрїЦ ріЦрІхрѕЅ рЅарїБрѕЮ ріерЇЇрЅ░ріЏ ріљрІЇрЇб рЇЊрѕГріГ рѕўрѕхрѕФрЅх рѕЏрѕѕрЅх рѕѕрѕЋрІЮрЅА рідріГрѕхрїѓріЋ рѕўрѕхрїарЅх ріљрІЇ РђЮ ріљрІЇ рІФрѕѕрІЇрЇб

рЅарЅђрїБрІГрѕЮ рЅарі«рѕфрІ░рѕГ рѕЇрѕЏрЅх рѕхрѕФ рЅарѕГріФрЅ│ рЇЊрѕГрі«рЅй ріЦріЊ рѕўрІЮріЊріЏ рЅдрЅ│рІјрЅй ріЦріЋрІ░рѕџрѕ░рѕЕ рІФрѕўрѕѕріерЅ░рІЇ рі«рѕГрЇќрѕгрѕйріЉ ріЦріљрІџрѕЁріЋрѕЮ рЅарѕЏріФрЅ░рЅх "" рІерѕЁрІЮрЅАріЋ рІерѕўрІЮріЊріЏ ріЦріЊ ріЋрї╣рѕЁ рЅдрЅ│ рІерѕўріќрѕГ рЇЇрѕІрїјрЅх ріЦріЋрІ▓рѕЪрѕІ ріЦріЋрѕ░рѕФрѕѕріЋ "" рЅЦрѕЈрѕЇрЇб

#TikvahEthiopiaFamilyAA

@tikvahethiopia",2024-05-20 17:57:11+00:00
87788,,2024-05-20 17:57:11+00:00
87787,,2024-05-20 17:57:11+00:00
87786,,2024-05-20 17:57:10+00:00
87785,,2024-05-20 17:57:10+00:00
87784,,2024-05-20 17:57:10+00:00
87783,,2024-05-20 17:57:10+00:00
87782,,2024-05-20 17:57:10+00:00
87781,,2024-05-20 17:57:02+00:00
87780,"рІ«ріЊрЅ│ріЋ рЅбрЅ▓ рЇѕрѕГріњрЅИрѕГ
Yonatan BT Furniture

рІерІўрѕўріЊрІіріљрЅх рЅ░рѕЮрѕ│рѕїрЅх!

ріарІхрѕФрѕ╗рЅйріЋ

1. рІіріЋрїїрЅх ріарІ░рЅБрЅБрІЕріЋ рЅ░рѕ╗рїЇрѕ«: +251 995 27 2727 
2. рЇњрІФрѕ│ ріЦрѕф рЅаріеріЋрЅ▒ : +251 957 86 8686
3. рѕ▓ ріцрѕЮ рѕ▓ ріарІ░рЅБрЅБрІЕріЋ ріарѕѕрЇЇ рЅЦрѕј: +251 993 82 8282

­ЪЉЅ Telegram:┬а https://t.me/yonatanbt_furniture
­ЪЉЅ Facebook:┬а https://www.facebook.com/profile.php?id=100087238034736
­ЪЉЅ TikTok: https://www.tiktok.com/@yonatanbtfurniture
­ЪЉЅ Instagram: https://www.instagram.com/yonatanbtfurniture/",2024-05-20 17:57:02+00:00
87777,"#Ethiopia

рїарЅЁрѕІрІГ рѕџріњрѕхрЅхрѕГ рІХ/рѕГ рІљрЅбрІГ ріарѕЁрѕўрІх рІерібріЋрїѓріљрѕГ ріарІГрѕ╗ рѕўрѕђрѕўрІх ріЦріЊ рІХ/рѕГ ріарЅЦрѕГрѕЃрѕЮ рЅарѕІрІГріЋ рІерѕхрѕЇрїБріЋ рЅдрЅ│ рЅђрІФрІерѕЕрЇб

рІЏрѕг рїарЅЁрѕІрІГ рѕџріњрѕхрЅхрѕЕ рѕ╣рѕўрЅх рѕ░рїЦрЅ░рІІрѕЇрЇб

рЅарІџрѕЁрѕЮ рЇд

1. рібріЋрїѓріљрѕГ ріарІГрѕ╗ рѕўрѕђрѕўрІх рІерѕўріерѕІріерІФ рѕџріњрѕхрЅ┤рѕГ рѕџріЋрѕхрЅхрѕГ рЇБ

2. рІХ/рѕГ ріарЅЦрѕерѕЃрѕЮ рЅарѕІрІГ рІерѕўрѕхріќріЊ рЅєрѕІрѕЏ ріаріФрЅБрЅб рѕџріњрѕхрЅ┤рѕГ рѕџріЋрѕхрЅхрѕГ рЇБ

3. рІХ/рѕГ рѕўрѕђрѕўрІх ріЦріЋрІхрѕфрѕх рІ░рїЇрѕъ рЅарѕџріњрѕхрЅхрѕГ рІ┤ріцрЅ│ рѕЏрІЋрѕерїЇ рЅарІ▓рѕъріГрѕФрѕ▓ рѕЦрѕГрІЊрЅх рїЇріЋрЅБрЅ│ рѕЏрѕхрЅ░рЅБрЅарѕфрІФ рѕЏрІЋріерѕЇ ріарІхрѕГрїѕрІЇ рѕЙрѕўрІІрЅИрІІрѕЇрЇб

ріб/рѕГ ріарІГрѕ╗ рѕўрѕђрѕўрІх рЅа2011 рІЊ/рѕЮ рІерѕўрїђрѕўрѕфрІФрІІ рѕ┤рЅх рІерѕђрїѕрѕГ рѕўріерѕІріерІФ рѕџріњрѕхрЅхрѕГ рѕєріљрІЇ ріерЅ░рѕЙрѕЎ рЅаріЃрѕІ 6 рІѕрѕГ ріЦріЋрІ│рїѕрѕѕрїѕрѕЅ ріерЅдрЅ│рІЇ рЅ░ріљрѕхрЅ░рІІрѕЇрЇб

рІХ/рѕГ ріарЅЦрѕГрѕЃрѕЮ рЅа2014 ріљрЅарѕГ рІерѕўріерѕІріерІФ рѕџріњрѕхрЅхрѕГ рѕєріљрІЇ рІерЅ░рѕЙрѕЎрЅхрЇб

рІХ/рѕГ ріарЅЦрѕГрѕЃрѕЮ рЅарѕІрІГ рІеріарѕЂріЉ рѕ╣рѕўрЅх ріЦрѕхріфрѕ░рїЦ рІхрѕерѕх рѕђрїѕрѕГ рѕўріерѕІріерІФ рѕџріњрѕхрЅ┤рѕГріЋ рЅарѕџріњрѕхрЅхрѕГріљрЅх ріЦрІФрїѕрѕѕрїѕрѕЅ рІеріљрЅарѕЕ рѕ▓рѕєріЋ ріарѕЂріЋ рЅаріб/рѕГ ріарІГрѕ╗ рѕўрѕђрѕўрІх рЅ░рЅ░ріГрЅ░рІЇ рІерѕўрѕхріќріЊ рЅєрѕІрѕЏ ріаріФрЅБрЅб рѕџріњрѕхрЅхрѕГ рѕєріљрІІрѕЇрЇб

@tikvahethiopia",2024-05-20 10:53:20+00:00
87773,"рЅарібрѕФріЋ рІерѕѓрѕірі«рЇЋрЅ░рѕГ ріарІ░рїІ рІерѕърЅ▒рЅх ріЦріљрѕЏріЋ ріЊрЅйрІЇ ?

- рІерібрѕФріЋ рЇЋрѕгрІЮрІ│ріЋрЅх рібрЅЦрѕФрѕѓрѕЮ рѕФрІГрѕ▓ 
- рІерібрѕФріЋ рІЇрїГ рїЅрІ│рІГ рѕџріњрѕхрЅхрѕГ рѕєрѕ┤ріЋ ріарѕџрѕГ ріарЅЦрІХрѕІрѕѓрІФріЋ 
- рІерЅ░рЅЦрѕфрІЮ рѕўрѕхрїѓрІх рібрѕЏрѕЮ ріарІФрЅХрѕІрѕЁ ріарѕЇрѕЃрѕИрѕџ
- рІерѕЮрѕхрѕФрЅЁ ріарІўрѕГрЅБрїЃріЋ рїЇрІЏрЅх ріарѕхрЅ░рІ│рІ│рѕф рѕЏрѕіріГ рѕФрѕЁрѕЏрЅ▓
- рІерЇЋрѕгрІЮрІ│ріЋрЅ▒ рїЦрЅарЅЃ ріЃрѕІрЇі рѕЏрѕёрІ▓ рѕЎрѕ│рЅф 
- рІерѕёрѕірі«рЇЋрЅ░рѕЕ ріарЅЦрѕФрѕфрЇБ 
- рІерѕѓрѕїрі«рЇЋрЅ░рѕЕ рѕерІ│рЅх ріарЅЦрѕФрѕф 
- рЅдрІ▓рїІрѕГрІх
- рІерЅарѕерѕФ ріарѕхрЅ░ріЊрїІрїЁ рЅарЅхрѕІріЋрЅ▒ рІерѕѓрѕірі«рЇЋрЅ░рѕГ ріарІ░рїІ рѕърЅ░рІІрѕЇрЇб

рІерЇЋрѕгрІюрІ│ріЋрЅх рѕФрІГрѕ▓ріЋ рѕърЅх рЅ░ріерЅхрѕј рѕЮріГрЅхрѕЇ рЇЋрѕгрІюрІ│ріЋрЅ▒ рѕърѕђрѕўрІх рѕъріГрЅарѕГ рЅа50 рЅђріЊрЅх рІЇрѕхрїЦ рЅарѕЮрѕГрїФ ріарІ▓рѕх рЇЋрѕгрІюрІ│ріЋрЅх ріЦрѕхріфрѕўрѕерїЦ рІхрѕерѕх рІерЇЋрѕгрІюрІ│ріЋрЅ▒ріЋ рЅдрЅ│ рЅ░ріГрЅ░рІЇ рІГрѕ░рѕФрѕЅрЇб 

@tikvahethiopia",2024-05-20 06:50:21+00:00
87772,"#рібрѕФріЋ

рІерібрѕФріЋ рЇЋрѕгрІџрІ│ріЋрЅх рібрЅЦрѕФрѕѓрѕЮ рѕФрІГрѕ▓ рЅ░рѕ│рЇЇрѕерІЇрЅБрЅх рЅаріљрЅарѕерІЇ рѕёрѕірі«рЇЋрЅ░рѕГ рЅарІ░рѕерѕ░рІЇ ріарІ░рїІ рѕЁрІГрІѕрЅ│рЅИрІЇ ріарѕЇрЇЈрѕЇрЇб

рІГрѕЁріЋріЋрѕЮ рІерѕђрїѕрѕфрЅ▒ рІерѕўріЋрїЇрѕЦрЅх ріарѕерїІрїЇрїДрѕЇрЇб

ріерѕ│рЅИрІЇ рЅарЅ░рїерѕЏрѕф рЅарѕѓрѕірі«рЇЋрЅ░рѕГ рІЇрѕхрїЦ ріарЅЦрѕерІЇ рІеріљрЅарѕЕрЅх рІеріарїѕрѕфрЅ▒ рІЇрїГ рїЅрІ│рІГ рѕџріњрѕхрЅхрѕГ рѕєрѕ┤рІГріЋ ріарѕџрѕГ ріарЅЦрІХрѕІрѕѓрІФріЋ ріЦріЊ рѕїрѕјрЅй рЅарѕГріФрЅ│ рѕ░рІјрЅй рѕърЅ░рІІрѕЇрЇб

рѕ«рІГрЅ░рѕГрѕх рЅаріарІ░рїІрІЇ рЇЋрѕгрІџрІ│ріЋрЅ▒ рѕ▓рїЊрІЎрЅБрЅх рІеріљрЅарѕерЅйрІЇ рѕёрѕірі«рЇЋрЅ░рѕГ #рѕЎрѕЅ_рЅарѕЎрѕЅ рѕўрЅЃрїарѕЈріЋ "" ріаріЋрІх рІерібрѕФріЋ рЅБрѕѕрѕхрѕЇрїБріЋріЋ рІІрЅб ріарІхрѕГрїј рІўрїЇрЅДрѕЇрЇб

"" рІерЇЋрѕгрІюрІ│ріЋрЅх рібрЅЦрѕФрѕѓрѕЮ рѕФрІГрѕ▓ рѕёрѕірі«рЇЋрЅ░рѕГ рЅаріарІ░рїІрІЇ рѕЎрѕЅ рЅарѕЎрѕЅ рЅ░рЅЃрїЦрѕІрѕѕрЅйрЇб рЅарѕџрІФрѕ│рІЮріЋ рѕЂріћрЅ│ рѕЂрѕЅрѕЮ рЅ░рѕ│рЇІрѕфрІјрЅй рѕ│рІГрѕърЅ▒ ріарѕЇрЅђрѕЕрѕЮ "" рЅЦрѕѕрІІрѕЇ рѕхрѕЏрЅИрІЇ рІФрѕЇрЅ░рїарЅђрѕ░рІЇ рЅБрѕѕрѕхрѕЇрїБріЋрЇб

#рѕ«рІГрЅ░рѕГрѕх

@tikvahethiopia",2024-05-20 06:25:52+00:00
87771,,2024-05-20 06:25:52+00:00
87770,"#Tecno #Camon30Pro5G 

рЅфрІхрІ«рІјрЅй  ріЦріЊ рѕЮрѕхрѕјрЅйріЋ рЅаріерЇЇрЅ░ріЏ рїЦрѕФрЅх рѕЏріЋрѕ│рЅх ріЦріЋрІ▓рІФрѕхрЅйрѕЇ Sony Imx890 рІеріФрѕюрѕФ рѕ┤ріЋрѕ░рѕГріЋ рІерЅ░рїѕрїарѕўрѕѕрЅх ріарІ▓рѕ▒ Tecno Camon Pro 5G рѕЮрѕГрїФрІј рІФрІхрѕГрїЅ

#Camon30Et #Camon30pro5GEt  #Camon30 #Camon30Pro5G #TecnoEt",2024-05-20 06:25:40+00:00
87769,"рѕЋрЅЦрѕГ рІерѕ┤рЅХрЅй рІерЅЂрїарЅБ рѕњрѕ│рЅЦ - рѕѕріаріЋрЅ║ рІерѕџрїѕрЅБрѕй!

рѕЋрЅЦрѕГ рІерѕ┤рЅХрЅй рІерЅЂрїарЅБ рѕњрѕ│рЅЦ ріерѕўрІ░рЅаріЏрІЇ рІерЅЂрїарЅБ рѕњрѕ│рЅЦ рѕІрЅЁ рІФрѕѕ рІѕрѕѕрІх рІерѕЮрЅ│рїѕріџрЅарЅх!

рѕЋрЅЦрѕерЅх рЅБріЋріГ
рЅарѕЋрЅЦрѕерЅх ріЦріЋрІ░рїЇ!

рѕѕрЅарѕѕрїа рѕўрѕерїЃ рІѕрІ░ 995 ріљрЇЃ рІерїЦрѕф рѕЏрІЋріерѕЇ рІГрІ░рІЇрѕЅрЇАрЇА ріарІ│рІ▓рѕх рѕўрѕерїЃ ріЦріЋрІ▓рѕГрѕХ рІерѕџріерЅ░рѕЅрЅхріЋ рѕЏрѕхрЇѕріЋрїарѕфрІФрІјрЅй рІГрїФріЉрЇАрЇА
   рЅ┤рѕїрїЇрѕФрѕЮ- https://t.me/HibretBanket
   рѕіріЋріГрІ▓ріЋ- https://www.linkedin.com/company/hibretbank/
   рІїрЅЦрѕ│рІГрЅх- https://www.hibretbank.com.et/
#Hibretbank",2024-05-20 06:25:35+00:00
87768,"#IRAN­ЪЄ«­ЪЄи

рІерібрѕФріЉ рЇЋрѕгрІЮрІ│ріЋрЅх ріЦріЊ ріарЅЦрѕерІІрЅИрІЇ рІеріљрЅарѕЕ ріерЇЇрЅ░ріЏ рЅБрѕѕрѕхрѕЇрїБріЊрЅх (рІерІЇрїГ рїЅрІ│рІГ рѕџріњрѕхрЅхрѕЕріЋ рїерѕЮрѕ«) ріЦрІерЅ░рЇѕрѕѕрїЅ ріљрІЇрЇб

рѕЁрІЮрЅА рѕўрѕфрІјрЅ╣ рѕЮріЋрѕЮ рѕ│рІГрѕєріЉ рЅарѕЁрІГрІѕрЅх рЅ░рѕГрЇѕрІЇ рІГрѕўрѕѕрѕ▒ рІўріЋрІх рЇѕрїБрѕфрІЇріЋ ріЦрІерѕѕрѕўріљ рІГрїѕріЏрѕЇрЇб

рЇЋ/рЅх рібрЅЦрѕФрѕѓрѕЮ рѕФрібрѕ▓ ріЦріЊ рѕїрѕјрЅй рЅБрѕѕрѕхрѕЇрїБріЊрЅх рібрѕФріЋ ріеріарІўрѕГрЅБрїђріЋ рїІрѕГ рЅарѕЮрЅхрІІрѕ░ріЋрЅарЅх ріаріФрЅБрЅб рѕІрІГ рІерЅ░рїѕріљрЅА 2 рїЇрІхрЅдрЅйріЋ рѕўрѕГрЅђрІЇ ріеріерЇѕрЅ▒ рЅаріІрѕІ рЅарѕѓрѕірі«рЇЋрЅ░рѕГ рІѕрІ░ рЅ│рЅЦрѕфрІЮ ріерЅ░рѕЏ рѕ▓рІФрѕўрѕЕ ріљрІЇ рІ░рЅЦрІЏрЅИрІЇ рІерїарЇІрІЇрЇб

рѕёрѕірі«рЇЋрЅ░рѕ» рЅаріарѕхрЅИрїІрѕф рІеріарІерѕГ рѕЂріћрЅ│ рѕ│рЅбрІФ ріерЅ░рѕФрѕФ рїІрѕГ ріЦріЋрІ░рЅ░рїІрїерЅй рЅ░ріљрїЇрѕ»рѕЇрЇб 

рѕѓрѕірі«рЇЋрЅ░рѕ» рЅ░рїІрїГрЅ│рѕѕрЅй рІерЅ░рЅБрѕѕрЅарЅх #рЅхріГріГрѕѕріЏрІЇ рЅдрЅ│ ріЦрѕхріФрѕЂріЋ рІхрѕерѕх рЅБрІГрѕѕрІГрѕЮ рЅ░рїІрїГрЅ│рѕѕрЅй рЅ░рЅЦрѕј рЅарЅ│рѕ░рЅарЅарЅх ріЦрІФріЋрІ│ріЋрІ▒ рЅдрЅ│ рѕІрІГ рїЇріЋ рІеріљрЇЇрѕх ріарІхріЋ рѕГрЅЦрѕГрЅЦ ріЦрІерЅ░рІ░рѕерїѕ рІГрїѕріЏрѕЇрЇб

рІеріарІерѕГ рѕЂріћрЅ│рІЇ рїЇріЋ ріЦрїЁрїЇ рЅарїБрѕЮ ріерЅБрІх ріЦріЋрІ░рѕєріљ рЅ░рѕ░рѕЮрЅирѕЇрЇб

рЅфрІхрІ«рЇд рЅђріЋ ріЦріЊ рѕЏрЅ│ рѕІрІГ рІеріљрЅарѕерІЇріЋ рІерѕЁрІЮрЅАріЋ рѕЂріћрЅ│ рІерІФрѕ│рІФрѕЇрЇб

@tikvahethiopia",2024-05-19 21:03:42+00:00
87767,,2024-05-19 21:03:42+00:00
87766,"#рѕхрЇќрѕГрЅх

рѕЏріЋрЅйрѕхрЅ░рѕГ рѕ▓рЅ▓ рІеріЦріЋрїЇрѕірІЮ рЇЋрѕфрѕюрІерѕГ рѕірїЇ 2023/2024 рѕ╗рѕЮрЇњрІЕріЋ рѕєріљрЇб

рЅАрІхріЉ рЅарЅ░ріерЅ│рЅ│рІГ рѕѕ4 рІЊрѕўрЅ│рЅх рІерЇЋрѕфрѕџрІерѕГ рѕірїЅріЋ рІІріЋрїФ рЅарѕЏріЋрѕ│рЅх ріарІ▓рѕх рЅ│рѕфріГ рїйрЇЈрѕЇрЇб

рІўріЋрІхрѕ« ріЦрѕхріе рІЏрѕгрІЇ рІерѕўрїерѕерѕ╗ рѕўрѕГрѕђрїЇрЅЦрѕГ ріе #ріарѕГрѕ┤ріЊрѕЇ рїІрѕГ ріаріЋрїѕрЅх рѕѕріаріЋрїѕрЅх рІерЅ░ріЊріљрЅђрІЇ рѕ▓рЅ▓ 91 ріљрїЦрЅЦ рЅарѕўрѕ░рЅЦрѕ░рЅЦ ріљрІЇ рІІріЋрїФрІЇріЋ рІФрѕИріљрЇѕрІЇрЇб

ріЦрїЁрїЇ рЅЦрѕГрЅ▒ ріЦріЊ рїаріЋріФрѕФ ріарѕўрЅхріЋ рІФрѕ│рѕѕрЇѕрІЇ ріарѕГрѕ┤ріЊрѕЇ 89 ріљрїЦрЅЦ рЅарѕўрІФрІЮ рЅарѕЂрѕѕрЅ░ріЏріљрЅх рѕЏрїаріЊрЅђрЅЁ рЅйрѕЈрѕЇрЇб

ріарѕГрѕ┤ріЊрѕЇ рЅБрѕѕрЇѕрІЇ ріарѕўрЅхрѕЮ рѕѕрІІріЋрїФ рЅ░рЅЃрѕГрЅд рІІріЋрїФрІЇріЋ рѕЏрїЇріўрЅх рѕ│рІГрЅйрѕЇ рѕўрЅЁрѕерЅ▒ ріарІГрІўріљрїІрѕЮрЇб 

рІўріЋрІхрѕ«рѕЮ рЅа2 ріљрїЦрЅЦ рЅ░рЅарѕЇрїд рІІріЋрїФрІЇріЋ рѕ│рІФрїѕріЮ рЅђрѕГрЅирѕЇрЇб

рѕірЅерѕГрЇЉрѕЇ ріарѕўрЅ▒ріЋ рЅа3ріЏріљрЅх рѕ▓рІФрїаріЊрЅЁрЅЁ ріарѕхрЅХріЋ рЅфрѕІ 4 рЇБ рЅХрЅ░ріЋрѕЃрѕЮ 5 ріЦріЋрІ▓рѕЂрѕЮ рЅ╝рѕЇрѕ▓ 6 рѕєріљрІЇ рїерѕГрѕ░рІІрѕЇрЇб

рЅБрѕѕ рЅЦрІЎ рЅ│рѕфріЕ рѕЏріЋрЅИрѕхрЅ░рѕГ рІЕріЊрІГрЅхрІх ріЦрїЁрїЇ рЅарїБрѕЮ рІ░ріФрѕЏ рІерЅ░рЅБрѕѕ ріарѕўрЅхріЋ рЅарѕЏрѕ│рѕѕрЇЇ рЅарЅ│рѕфріЕ рІЮрЅЁрЅ░ріЏ рІерЅ░рЅБрѕѕрІЇ  8ріЏ рІ░рѕерїЃ рІГрІъ рїерѕГрѕирѕЇрЇб

рІеріЦріЋрїЇрѕірІЮ рЇЋрѕфрѕюрІерѕГ рѕірїЇ рЅарѕўрѕІрІЇ рІЊрѕѕрѕЮ рЅарЅЦрІЎ рѕџрѕірІ«ріЋ рЅ░рѕўрѕЇріФрЅйріЋ рѕЏрїЇріўрЅх рІерЅ╗рѕѕ рїаріЋріФрѕФ рІеріЦрїЇрѕГ рі│рѕх рЇЇрѕЇрѕџрІФ рѕ▓рѕєріЋ рЅарѕђрїѕрѕФрЅйріЋ #рЅарібрЅхрІ«рїхрІФрѕЮ рѕџрѕірІ«ріќрЅй рЅарЅ░рѕѕрІГ рІѕрїБрЅХрЅй рІЇрІхрІхрѕЕріЋ рІГріерЅ│рЅ░рѕЅрЅ│рѕЇрЇб

рЅ▓ріГрЅФрѕЁ рѕхрЇќрѕГрЅх https://t.me/+VvwzStMNcNHmhK0x

@tikvahethiopia",2024-05-19 17:01:12+00:00
87765,,2024-05-19 17:01:11+00:00
87764,,2024-05-19 17:01:11+00:00
87763,,2024-05-19 17:01:11+00:00
87762,,2024-05-19 17:01:11+00:00
87761,"#рібрѕФріЋ

рІерібрѕФріЋ рЇЋрѕгрІЮрІ│ріЋрЅх рІерѕєріЉрЅх рібрЅЦрѕФрѕѓрѕЮ рѕФрібрѕ▓ рѕ▓рїЊрІЎрЅарЅх рІеріљрЅарѕе рѕёрѕірі«рЇЋрЅ░рѕГ "" #рЅаріарІ░рїѕріЏ_рѕЂріћрЅ│ "" рѕўрѕгрЅх рѕІрІГ рѕЏрѕФрЇЅріЋ рІерібрѕФріЋ рѕўрїѕріЊріЏ рЅЦрІЎрѕЃріЋ рІўрїЇрЅарІІрѕЇрЇб

рІерѕђрїѕрѕфрЅ▒ рІЇрѕхрїЦ рїЅрІ│рІГ рѕџріњрѕхрЅ┤рѕГ рѕѓрѕірі«рЇЋрЅ░рѕЕ рЅаріарІ░рїѕріЏ рѕЂріћрЅ│ ріарѕГрЇјрЅарЅ│рѕЇ рІѕрІ░рЅ░рЅБрѕѕрЅарЅх рѕхрЇЇрѕФ рѕІрІГ ріарѕхрЅИрїІрѕф рІеріарІерѕГ рѕЂріћрЅ│ ріЦріЋрІ│рѕѕ рїѕрѕЇрї┐рѕЇрЇб

рІеріљрЇЇрѕх ріарІхріЋ рѕарѕФрЅ░ріърЅй рІѕрІ░ рЅдрЅ│рІЇ рѕѕрѕўрІхрѕерѕх рїЦрѕерЅх ріЦрІФрІ░рѕерїЅ рІГрїѕріЏрѕЅ рѕ▓рѕЇ ріарѕ│рІЇрЅІрѕЇрЇб

рЇЋрѕгрІЮрІ│ріЋрЅ▒ рѕђрїѕрѕФрЅИрІЇ ріеріарІўрѕГрЅБрїђріЋ рїІрѕГ рЅарѕЮрЅхрІІрѕ░ріЋрЅарЅх ріаріФрЅБрЅб рІерЅ░рїѕріљрЅА рѕЂрѕѕрЅх рїЇрІхрЅдрЅйріЋ рѕўрѕГрЅђрІЇ ріеріерЇѕрЅ▒ рЅаріІрѕІ рІѕрІ░ рѕ░рѕюріЋ рѕЮрІЋрѕФрЅД рІеріарїѕрѕфрЅ▒ ріерЅ░рѕЏ рЅ│рЅЦрѕфрІЮ ріЦрІФрѕўрѕЕ ріљрЅарѕГрЇб

рѕёрѕірі«рЇЋрЅ░рѕЕ ріарѕГрЇјрЅарЅ│рѕЇ рЅарЅ░рЅБрѕѕрІЇ рѕхрЇЇрѕФ рѕІрІГ рЅБрѕѕрІЇ ріерЅБрІх рїГрїІрїЇ рѕЮріГріЋрІФрЅх рІеріљрЇЇрѕх рѕЏрІ│ріЋ рЇЇрѕѕрїІ рѕЦрѕФрІЇ ріарѕхрЅИрїІрѕф ріЦріЋрІ░рѕєріљ рЅ░ріљрїЇрѕ»рѕЇрЇб

Credit - FARS

@tikvahethiopia",2024-05-19 16:09:33+00:00
87760,"рІерЅ│рїѕрЅ░рЅйрІЇ рЅ│рІ│рїі рїЅрІ│рІГ ріерѕЮріЋ рІ░рѕерѕ░ ?

рЅ│рїЇрЅ│ ріерЅ░рІѕрѕ░рІ░рЅй рЅаріЃрѕІ рѕѕрѕЏрѕхрѕѕрЅђрЅѓрІФ 3 рѕџрѕірІ«ріЋ рЅЦрѕГ рІерЅ░рїарІерЅђрЅБрЅх рІерЅ│рІ│рїірІІ рЅ░рѕЏрѕф рѕЏрѕЁрѕїрЅх рЅ░рійрѕІрІГ рїЅрІ│рІГ ріЦрѕхріеріарѕЂріЋ ріЦріЋрЅєрЅЁрѕЇрѕй рѕєріќ рЅђрїЦрѕЈрѕЇрЇб

рѕўрїІрЅбрЅх 10 рЅђріЋ 2016 рІЊ.рѕЮ рЅарІЊрІхрІІ ріерЅ░рѕЏ рѕЇрІЕ рЅдрЅ│рІЇ "" рІЊрІ▓ рѕЏрѕЋрѕѕрі╗ "" рѕЏріЋріљрЅ│рЅИрІЇ рЅБрѕЇрЅ│рІѕрЅЂ рѕ░рІјрЅй рЅ│рїЇрЅ│ рІерЅ░рѕ░рІѕрѕерЅйрІЇ рЅ│рІ│рїі рЅ░рѕЏрѕф рѕЏрѕЁрѕїрЅх рЅ░рійрѕІрІГ ріерЅ│рїѕрЅ░рЅй рІЏрѕг рїЇріЋрЅдрЅх 10/2016 рІЊ.рѕЮ 60 рЅђріЊрЅх ріарѕхрЅєрїЦрѕФрѕѕрЅйрЇб

рЅ│рїІрЅй рЅ│рІ│рїірІІ ріЦрѕхріе ріарѕЂріЋрІІ рІ░рЅѓрЅЃ рѕ░ріарЅхріЊ рЅђріЋ ріарѕЇрѕўрїѕріўрЅхрІІріЋ рЅ▓ріГрЅФрѕЁ рібрЅхрІ«рїхрІФ рІерѕўрЅљрѕѕ рЅцрЅ░рѕ░рЅЦ ріарЅБрѕЇ ріЦрїѕрЅ│ рІѕрІ░ рЅ░ріФрѕёрІ░рЅарЅх ріерЅ░рѕЏ рІхрѕерѕх рЅарѕўрѕёрІх ріарѕерїІрїЇрїДрѕЇрЇб

рІерѕўрЅљрѕѕ рІерЅ▓ріГрЅФрѕЁ рібрЅхрІ«рїхрІФ ріарЅБрѕЇ рЇЦ рІЊрІхрІІ рІхрѕерѕх рЅарѕўрїЊрІЮ рІѕрѕІрїЁ ріарЅБрЅхрІІріЋ ріЦріЊ рЅцрЅ░ рІўрѕўрІх рїарІГрЅє рЅБрїѕріўрІЇ рѕўрѕерїЃ рІерЅ│рІ│рїірІІ рІеріЦрїѕрЅ│ рїЅрІ│рІГ ріерЅхрїЇрѕФрІГ рІерЇђрїЦрЅ│ ріаріФрѕІрЅх ріарѕЇрЇј рІерЇїрІ░рѕФрѕЇ рІерЇђрїЦрЅ│ ріаріФрѕІрЅхрѕЮ ріЦріЋрІ▓рІФрІЇрЅЂрЅх рЅ░рІ░рѕГрїЊрѕЇрЇб

рІерІЊрІхрІІ ріерЅ░рѕЏ рЇЊрѕірѕх ріерѕ│рѕЮріЋрЅ│рЅх рЅарЇірЅх рЅ│рїІрЅйрІІріЋ рЅ│рІ│рїі рѕѕрѕЏрѕхрѕѕрЅђрЅЁ ріеріерЅ░рѕЏ ріЦрѕхріе ріГрѕЇрѕЇ рІерЅ░рЅђріЊрїђ рІеріГрЅхрЅхрѕЇріЊ рѕЮрѕГрѕўрѕФ рѕхрѕФ ріЦрІерѕ░рѕФріЋ рѕўрѕєріЉріЊ рЅарЅЂрїЦрїЦрѕГ рѕхрѕГ рІерІІрѕЅ рЅ░рїарѕГрїБрѕфрІјрЅй ріЦріЋрІ│рѕЅ рїѕрѕЇрїЙ ріљрЅарѕГрЇб

рІерЅ│рІ│рїірІІріЋ рѕўрЅ│рїѕрЅх рЅарѕЏрѕхрѕўрѕЇріерЅх рЅцрЅ░рѕ░рЅдрЅйрІІ рѕўрїІрЅбрЅх 10 рЅђріЋ 2016 рІЊ.рѕЮ рѕфрЇЊрѕГрЅх ріФрІ░рѕерїЅрЅарЅх рЅђріЋріЊ рѕ░рІЊрЅх рїђрѕЮрѕ« рЇЊрѕірѕх рїЅрІ│рІЕріЋ рѕѕрІ░рЅѓрЅЃ рІФрѕЁрѕЇ рЅйрѕІ ріЦріЋрІ│рѕІрѕѕрІЇ┬арїѕрѕЇрїЙ рІеріљрЅарѕе рЅбрѕєріЋрѕЮ ріарѕЂріЋрѕЮ рІхрѕерѕх рїЅрІ│рІЕ рѕўрЅІрїФ рѕ│рІФрїѕріЮ рІГрѕёрІЇ 60 (рѕЂрѕѕрЅх рІѕрѕГ) рЅ░рЅєрїЦрѕерІІрѕЇ рѕ▓рѕЅ рІерѕЏрѕЁрѕїрЅх рІѕрѕІрїЁ ріарЅБрЅх рЅ░рійрѕІрІГ рїЇрѕГрѕЏрІГ рѕѕрЅ▓ріГрЅФрѕЁ рібрЅхрІ«рїхрІФ рЅ░ріЊрїЇрѕерІІрѕЇрЇб

"" рІерѕЁрїЇ ріаріФрѕІрЅх рІеріГрЅхрЅхрѕЇ ріЦріЊ рѕЮрѕГрѕўрѕФ рѕўрѕІрѕІрЅх рІерѕЇрїЃрЅйріЋ ріарїІрЅЙрЅй рЅарѕЁрїЇ рЅЂрїЦрїЦрѕГ рѕхрѕГ ріЦріЋрІ│рІГрІЇрѕЅ рѕЮріГріЋрІФрЅх рѕєріЌрѕЇ "" рІФрѕЅрЅх рІѕрѕІрїЁ ріарЅБрЅх ріарЅХ рЅ░рійрѕІрІГ "" рЅаріаріЋрІ▓рЅх рЅхріЋрѕй ріерЅ░рѕЏ рІерЅ░рЇѕрЇђрѕў рІеріЦрїѕрЅ│ рІѕріЋрїђрѕЇ рЅарѕЮріЋрѕЮ рѕўрѕўрІўріЏ ріеріГрѕЇрѕЅріЊ рІерЇїрІ░рѕФрѕЇ рІерЇђрїЦрЅ│ ріаріФрѕІрЅх ріарЅЁрѕЮ рЅарѕІрІГ рѕірѕєріЋ ріарІГрЅйрѕЇрѕЮ "" рѕ▓рѕЅ ріаріГрѕѕрІІрѕЇрЇб

#TikvahEthiopiaFamilyMekelle

@tikvahethiopia",2024-05-19 12:33:06+00:00
87759,,2024-05-19 12:33:06+00:00
87756,"#AddisAbaba

рїѕріЋрІўрЅЦ рѕѕрѕЏрїЇріўрЅх рѕ▓рѕЅ рЅЦрЅ╗ рѕЮріЋрѕЮ рѕ│рІГрЅ│рѕўрѕЎ "" рЅ│рѕўріЊрѕЇ "" рІѕрІГрѕЮ рѕЇрїЃрЅИрІЇ / рЅцрЅ░рѕ░рЅБрЅИрІЇ рѕ│рІГрЅ│рѕўрѕЮ ріЦріЋрІ░рЅ│рѕўрѕў ріарѕхрѕўрѕхрѕѕрІЇ ріЦрѕГрІ│рЅ│ рІерѕџрїарІГрЅЂ рѕ░рІјрЅй рЅарЅхріГріГрѕЇ рѕірѕерІ▒ рІерѕџрїѕрЅБрЅИрІЇ рѕ░рІјрЅйріЋ ріЦріЋрІ│рІГрѕерІ▒ рІФрІ░рѕГрїІрѕЅрЇб

ріерІџрѕЁ рЅђрІ░рѕЮ рЅарІЇрѕИрЅх рїѕріЋрІўрЅЦ рЅаріЦрѕГрІ│рЅ│ рѕўрѕЇріГ рѕ▓рѕ░рЅарѕхрЅА рѕхрѕѕрЅ░рІФрІЎ рѕ░рІјрЅй рѕўрѕерїЃ рѕўрѕѕрІІрІѕрїБрЅйріЋ ріарІГрІўріљрїІрѕЮрЇб

рЅхрѕІріЋрЅх рІ░рїЇрѕъ рІеріарІ▓рѕх ріарЅарЅБ рЇќрѕірѕх рїцріЊрѕЏ рѕЇрїЂріЋ "" рІеріФріЋрѕ░рѕГ рѕЁрѕўрѕЮрЅ░ріЏ ріљрІЇ "" рЅарѕЏрѕѕрЅх рѕ▓рѕѕрѕЮріЋрЅарЅх рІерЅ░рїѕріў рІѕрѕІрїЁріЋ ріЦріЊ рїЇрЅЦрѕе-ріарЅарѕЕріЋ рІГрІъ рѕЮрѕГрѕўрѕФ ріЦрІФрїБрѕФ рѕўрѕєріЉріЋ ріарѕ│рІЇрЅІрѕЇрЇб

рЅарІѕріЋрїђрѕЅ рІерЅ░рїарѕерїарѕерІЇ ріарЅБрЅх (рїЃрІІрѕГ ріарЅЦрІ▒рѕІрѕѓ) рѕЇрїЂріЋ рІеріФріЋрѕхрѕГ рѕЁрѕўрѕЮрЅ░ріЏ рЅарѕўрѕєріЉ рѕѕрѕЏрѕ│ріерѕЮ ріеріарІІрѕй 7 рІѕрІ░ ріарІ▓рѕх ріарЅарЅБ рѕўрѕЮрїБрЅ▒ріЋріЊ рѕЇрїЂріЋ рѕѕрѕЏрѕ│ріерѕЮ ріЦріЊ рѕѕрѕЮрїЇрЅЦ ріЦріЋрІ▓рѕЂрѕЮ рѕѕрѕЏрІ░рѕфрІФ рѕўрЅИрїѕрѕЕріЋ рЅарѕўрїЇрѕѕрЇЁ ріерїЇрЅЦрѕе-ріарЅарѕЕ (ріарѕЁрѕўрІх ріерѕірЇѕ) рїІрѕГ рЅарѕўрѕєріЋ рЅаріа/ріа рЅарЅ░рѕѕрІФрІЕ рЅдрЅ│рІјрЅй рѕ▓рѕѕрѕЮріЋ рЅєрІГрЅирѕЇрЇб

рЅхрѕІріЋрЅх рїЇріЋ ріаріЋрІх рІерЇќрѕірѕх ріарЅБрѕЇ ріљрїѕрѕЕріЋ рЅ░рїарѕФрїЦрѕ« рІерѕЁріГрѕЮріЊ рѕЏрѕхрѕерїЃ рѕ▓рїарІГрЅЃрЅИрІЇ рѕЏрѕ│рІерЅх ріарѕЇрЅ╗рѕЅрѕЮрЇб 

рЇќрѕірѕхрѕЮ рІГрІъ рЇќрѕірѕх рїБрЅбрІФ ріарѕхрїѕрЅЦрЅирЅИрІІрѕЇрЇб

рІерѕЁрЇЃріЉ ріарЅБрЅх ріЦріЊ рїЇрЅЦрѕе ріарЅарѕЕ рѕЇрїЂ рЅ│рѕЏрѕџ ріЦріЋрІ▓рѕўрѕхрѕЇ ріаріЋрїѕрЅ▒ рѕІрІГ рЇЋрѕІрѕхрЅ░рѕГ рѕѕрїЦрЇѕрІЇрЅарЅх рІеріљрЅарѕе рѕ▓рѕєріЋ рЇЋрѕІрѕхрЅ░рѕЕ рѕ▓ріљрѕ│ ріаріЋрїѕрЅ▒ рѕІрІГ рѕЮріЋрѕЮ рЅЂрѕхрѕЇ рІерѕѕрѕЮрЇб

рѕЁрЇЃріЉ рЅарЇќрѕірѕх рїБрЅбрІФ┬а рѕ▓рїарІерЅЁ рїцріљріЏ рѕўрѕєріЉріЋ рїѕрѕЇрї┐рѕЇрЇб

#рібрЅхрІ«рїхрІФрІі рІерЅ░рЅИрїѕрѕеріЋ рѕ░рІЇ рѕўрѕГрІ│рЅх рЅБрѕЁрѕЅ ріљрІЇрЇц ріФрѕѕрІЇ рѕ░рІЇ рѕ▓рѕѕрѕЮріљрІЇ рїЦрѕј рѕўрѕёрІхріЋ ріарІФрІЇрЅЁрѕЮ рЇц ріљрїѕрѕГ рїЇріЋ рЅарІЇрѕИрЅх / рЅарѕЏрїГрЅарѕГрЅарѕГ рІерѕџріФрѕёрІх рЅ░рїЇрЅБрѕГ ріЦрІЇріљрЅ░ріЏ ріЦрѕГрІ│рЅ│ рІерѕџрІФрѕхрЇѕрѕЇрїІрЅИрІЇ рѕ░рІјрЅй ріЦріЋрІ│рІГрѕерІ▒ рІФрІ░рѕГрїІрѕЇрЇб

ріЦрѕГрІ│рЅ│ рѕ▓рѕ░рїЦ рІерѕЁріГрѕЮріЊ рѕЏрѕхрѕерїЃрІјрЅй рѕўрїарІерЅЁ рІГрїѕрЅБрѕЇрЇб

@tikvahethiopia",2024-05-19 12:24:05+00:00
87755,,2024-05-19 12:24:05+00:00
87754,,2024-05-19 12:24:05+00:00
87753,"ріарѕЮрЅБрѕ│рІ░рѕГ рѕЏрІГріГ рѕљрѕўрѕГ ріеріљрѕЏріЋ рїІрѕГ рЅ░рїѕріЊріЎ ?

рЅаріарЇЇрѕфріФ рЅђріЋрІх #рІеріарѕюрѕфріФ_рѕЇрІЕ_рѕўрѕЇрІЋріГрЅ░ріЏ рІерѕєріЉрЅх рѕЏрІГріГ рѕљрѕўрѕГ┬аріерѕ░рѕўріЉріЋ рЅарібрЅхрІ«рїхрІФ рЅєрІГрЅ│ ріарІхрѕГрїѕрІІрѕЇрЇб

рібрЅхрІ«рїхрІФ рІерѕўрїАрЅх рЇд
┬░ рІерЇЋрѕфрЅХрѕфрІФріЋ рѕхрѕЮрѕЮріљрЅх ріарЇѕрї╗рїИрѕЮ рѕѕрѕўрїѕрѕЮрїѕрѕЮрЇц
┬░ рЅаріарѕЏрѕФ ріЦріЊ рідрѕ«рѕџрІФ ріГрѕЇрѕјрЅй рІФрѕЅ рїЇрїГрЅХрЅй рЅарІхрѕГрІхрѕГ ріЦрѕЇрЅБрЅх ріЦріЋрІ▓рІФрїѕріЎ рѕѕрѕЏрІхрѕерїЇрЇц 
┬░ рІерѕ░рЅЦрІЊрІі рѕўрЅЦрЅх рїЦрѕ░рЅХрЅй рѕўрѕўрѕГрѕўрѕГ ріарѕхрЇѕрѕІрїіріљрЅх рѕІрІГ рѕѕрѕўрІѕрІФрІерЅх ріљрІЇрЇб

рЅарІџрѕЁрѕЮ рІѕрЅЁрЅх рЇд

- ріерЇїрІ┤рѕФрІГрѕЇ рЅБрѕѕрѕхрѕЇрїБріЊрЅх рїІрѕГ рѕўріГрѕерІІрѕЇрЇб 

- ріеріарѕюрѕфріФрІЇ ріарѕЮрЅБрѕ│рІ░рѕГ ріцрѕГрЅфріЋ рѕЏрѕ▓ріЋрїІ рїІрѕГ рІѕрІ░ #рѕўрЅљрѕѕ ріарѕЮрѕГрЅ░рІЇ ріерЅхрїЇрѕФрІГ ріГрѕЇрѕЇ ріарѕўрѕФрѕ«рЅй рїІрѕГ рѕўріГрѕерІІрѕЇрЇб

- ріеріарЇЇрѕфріФ рѕЁрЅЦрѕерЅх рЅ░рІѕріФрІ«рЅй рїІрѕГ рЅ░рІѕрІФрІГрЅ░рІІрѕЇрЇб

- ріерібрѕ░рѕўрі« рІІріЊ рі«рѕџрѕйріљрѕГ рІХ/рѕГ рІ│ріЋріцрѕЇ рЅарЅђрѕѕ рїІрѕГ рѕўріГрѕерІІрѕЇрЇб

- ріерідрѕ«рѕъ ріљрї╗ріљрЅх рїЇріЋрЅБрѕГ (рідріљрїЇ) рѕірЅђрѕўріЋрЅарѕГ ріарЅХ рІ│рІЇрІх рібрЅЦрѕ│ ріЦріЊ ріерідрѕ«рѕъ рЇїрІ░рѕФрѕірѕхрЅх рі«ріЋрїЇрѕерѕх (рідрЇїрі«) рѕірЅђрѕўріЋрЅарѕГ рЇЋрѕ«рЇїрѕ░рѕГ рѕўрѕерѕФ рїЅрІ▓ріЊ рїІрѕГ┬а рЅ░рІѕрІФрІГрЅ░рІІрѕЇрЇб

ріарѕЮрЅБрѕ│рІ░рѕГ рѕЏрІГріГ рѕљрѕўрѕГ рІерЇЋрѕфрЅХрѕфрІФрІЇ рїЇрїГрЅхріЋ рЅарІўрѕІрЅѓріљрЅх рІерѕЏрѕхрЅєрѕЮ рѕхрѕЮрѕЮріљрЅх ріЦріЋрІ▓рЇѕрѕерѕЮ ріерЇЇрЅ░ріЏ рѕџріЊ рЅ░рїФрІЇрЅ░рІІрѕЇ рІерѕџрЅБрѕЇрѕІрЅИрІЇ┬арІеріарѕюрѕфріФ рЅБрѕѕрѕхрѕЇрїБріЋ ріЊрЅИрІЇрЇб

@tikvahethiopia",2024-05-19 12:22:47+00:00
87752,,2024-05-19 12:22:38+00:00
87751,"#DStvEthiopia

­ЪћЦ рІерІўріЋрІхрѕ«рІЇріЋ рІерЇЋрѕфрѕџрІерѕГ рѕірїЇ рѕ╗рѕЮрЇњрІ«ріЋ рЅаріцрЅерѕГрЅ░ріЋ ріЦріЊ рІїрѕхрЅхрѕЃрѕЮ рІЏрѕг рѕЮрѕйрЅх рІГрІѕрѕхріЊрѕЅ

Рџй№ИЈ Manchester City vs Westham рЅа SS Premier League
Рџй№ИЈ Arsenal vs Everton рЅа SS Liyu

­ЪцћрІІріЋрїФрІЇ рІерѕЏріЋ ріљрІЇ? рІеріЦрѕГрѕХріЋ ріарѕхрЅ░рІФрІерЅх рІФрїІрѕЕріЋ              

­ЪЉЅ рїерІІрЅ│рІјрЅйріЋ ріерЅхріЋрЅ│ріћ рЇБ ріерЅ░рїФрІІрЅй рЅЦрЅЃрЅх ріЦрѕхріе рЅАрІхріЋ рІѕріћ рЅарѕ▒рЇљрѕГрѕхрЇќрѕГрЅх рѕѕрѕўріерЅ│рЅ░рѕЇ рІЏрѕгрІЇріЉ рІ░ріЋрЅаріЮріљрЅхрІјріЋ рІФрѕФрІЮрѕЎ! 

рІерІ▓ріцрѕхрЅ▓рЅф ріарїѕрѕЇрїЇрѕјрЅХрЅйріЋ рѕѕрѕЏрїЇріўрЅх ріерЅ│рЅй рІФрѕѕрІЇріЋ рІеMyDStv Telegram bot рѕіріЋріГ рІГрїФріЉ! 
­ЪЉЄ 
https://mydstv.onelink.me/vGln/eth2

#PremierLeagueOnDStv #рѕЂрѕЅрѕЮрІФрѕѕрІЇріЦріЏрїІрѕГріљрІЇ #DStvEthiopia #DStvSelfServiceET",2024-05-19 12:22:38+00:00
87750,"#Tecno #Camon30Pro5G 

рЅаріФрѕюрѕФ рїЦрѕФрЅ▒ ріЦріЊ рЅарѕхрѕЇріЕ рІ▓рІЏрІГріЋ рІерЅ░рѕўрѕ░ріерѕерѕѕрЅх ріарІ▓рѕ▒ Tecno camon 30 pro 5G рѕЮрѕГрїФрІј рІФрІхрѕерїЅ!

 #Camon30Et #Camon30pro5GEt  #Camon30 #Camon30Pro5G #TecnoEt",2024-05-19 12:22:29+00:00
87749,""" рїЦрЅЃрЅх ріарІхрѕФрѕЙрЅ╣ #рЅБрѕЇріЊ #рІѕріЋрІхрѕЮ рЅарЅЂрїЦрїЦрѕГ рѕхрѕГ рІЇрѕѕрІІрѕЇ "" - рІерѕђрѕІрЅБ рІъріЋ рѕ░рѕІрѕЮріЊ рїИрїЦрЅ│ рѕўрѕЮрѕфрІФ

рЅхрѕІріЋрЅх рЅарЅБрѕѕрЅцрЅи ріЦріЋрІ▓рѕЂрѕЮ рЅарЅБрѕѕрЅцрЅи ріЦрѕЁрЅх ріЦріЊ рІѕріЋрІхрѕЮ┬а ріерЇЇрЅ░ріЏ рІхрЅЦрІ░рЅБ ріЦріЋрІ░рЅ░рЇѕрїИрѕўрЅБрЅх рїѕрѕЇрї╗ рІерѕЁрїЇ рІхрїІрЇЇ рѕхрѕѕрїарІерЅђрЅйрІЇ рІѕрІГрІўрѕ« ріарЅарЅБ рЅдрѕеріЊ рѕўрѕерїЃ рѕЏрїІрѕФрЅ│рЅйріЋ рІГрЅ│рІѕрѕ│рѕЇрЇб

рїЦрЅЃрЅх рІерІ░рѕерѕ░рЅБрЅх рїЇрѕѕрѕ░рЅЦ рЅарѕђрѕІрЅБ ріерЅ░рѕЏ ріљрІІрѕф рѕхрЅхрѕєріЋ рїЦрЅЃрЅх ріФрІ░рѕерѕ░рЅБрЅх рЅБрѕѕрЅцрЅи рїІрѕГ 4 рѕЇрїєрЅй ріарЇЇрѕГрЅ│рѕѕрЅйрЇб 

рІѕ/рѕ« ріарЅарЅБ "" рЅ░рѕ░рЅЦрѕхрЅарІЅ рѕ▓рІ░рЅарІхрЅАріЮ рѕѕрѕўрїѕрѕІрїѕрѕЇ рІерїѕрЅБрІЅріЋ рІерѕўрїђрѕўрѕфрІФ рѕЇрїЃрЅйріЋрѕЮ рІерїЦрЅЃрЅ▒ рѕ░рѕѕрЅБ рѕєріЌрѕЇ "" рѕЏрѕѕрЅи ріарІГрІўріљрїІрѕЮрЇб

рЅарїЅрІ│рІЕ рѕІрІГ рЅЃрѕІрЅИрІЇріЋ рѕѕрЅ▓ріГрЅФрѕЁ рібрЅхрІ«рїхрІФ рІерѕ░рїАрЅх рІерѕђрѕІрЅБ рІъріЋ рїИрїЦрЅ│ рѕўрѕЮрѕфрІФ рѕђрѕІрЇі┬а ріарЅХ рѕЎрІ░рѕ▓рѕГ рїЅрЅ│рїј рЇЦ "" рІерѕ┤рЅх рѕЇрїЁріЋ рїЦрЅЃрЅх ріаріЋрЅ│рїѕрѕхрѕЮ "" рЅарѕЏрѕѕрЅх ріерѕђрѕІрЅБ ріерЅ░рѕЏ рЇќрѕірѕх рїІрѕГ рЅарѕўрЅ░рЅБрЅарѕГ рѕЂріћрЅ│рІЇріЋ рѕўрѕўрѕЇріерЅх ріЦріЋрІ░рїђрѕўрѕЕ рїѕрѕЇрїИрІЇ ріљрЅарѕГ рЇб

рІЏрѕг ріарЅХ рѕЎрІ░рѕ▓рѕГ рЅБрІ░рѕерѕ▒ріЋ рѕўрѕерїЃ рїЅрІ│рЅ▒ріЋ ріФрІ░рѕерѕ▒ рЅаріІрѕІ рЅ░рІ░рЅЦрЅђрІЅ рІеріљрЅарѕЕрЅх рІѕріЋрІхрѕЏрѕЏрЅй рїЦрЅЃрЅх ріарІхрѕФрѕЙрЅй рЇќрѕірѕх рЅБрІ░рѕерїѕрІЅ рїЦрѕерЅх рЅ░рїѕріЮрЅ░рІЇ рЅарЅЂрїЦрїЦрѕГ рѕхрѕГ рІЇрѕѕрІІрѕЇрЇб

ріарЅХ рѕЎрІ░рѕ▓рѕГ рІерїЇрѕЇ рЅ░рЅарІ│рІЕрІІріЋ рЅарѕхрѕЇріГ рІ░рІЇрѕѕрІЅ рѕЏріљрїІрїѕрѕФрЅИрІЇріЋ рїѕрѕЇрїИрІЇрѕЇріЊрѕЇрЇб

"" ріарѕЂріЋ рѕІрІГ рѕ░рІјрЅ╣ рЅарѕЁрїЇ рЅЂрїЦрїЦрѕГ рѕхрѕГ рІЇрѕѕрІІрѕЇ "" рІФрѕЅрЅх ріЃрѕІрЇірІЇ "" рѕЁрїІрІі рѕЮрѕГрѕўрѕФ ріЦріЋрІ▓ріФрѕёрІх рЅ░рЅарІ│рІГ рѕ░ріъ рЅаріаріФрѕЇ рЅђрѕГрЅБ ріГрѕх рѕўрѕўрѕхрѕерЅх рЅхрЅйрѕІрѕѕрЅй "" рЅЦрѕѕрІІрѕЇрЇб

#TikvahEthiopiaFamilyHawassa

@tikvahethiopia",2024-05-19 11:31:22+00:00
87748,,2024-05-19 11:31:22+00:00
87747,"­ЪЄф­ЪЄ╣ рІерЇќрѕѕрЅ▓ріФ рЇЊрѕГрЅ▓рІјрЅй рѕЮріЋ рІГрѕІрѕЅ ? ­ЪЄф­ЪЄ╣

"" рїЇрїГрЅХрЅй ріерЅхріЋрѕй ріљрїѕрѕГ ріЦрІерЅ░ріљрѕ▒ ріЦрІФрІ░рїЅ ріљрІЇ ріарѕЂріЋ рІФрѕЅрЅарЅх рІ░рѕерїЃ рІерІ░рѕерѕ▒рЅхрЇб рІГрѕё рІ░рїЇрѕъ рЅарѕўріЋрїЇрѕхрЅх рЅИрѕЇрЅ░ріЮріљрЅх рЇБ рЅхрІЋрїЇрѕхрЅх рѕЏрїБрЅх рІерѕџрѕўрїБ ріљрІЇ "" - рібрІюрѕЏ

рЅарібрЅхрІ«рїхрІФ рѕѕрѕџрѕхрЅ░рІІрѕЅ рІўрѕГрЇѕ рЅЦрІЎ рЅйрїЇрѕ«рЅй рІФрѕѕрІЇріЋ рїЇрѕЮрїѕрѕЏ рЅарЅ░рѕўрѕѕріерЅ░ рІерібрЅхрІ«рїхрІФ рІюрїјрЅй рѕѕрѕЏрѕЁрЅарѕФрІі рЇЇрЅхрѕЁ рЇЊрѕГрЅ▓ (рібрІюрѕЏ) рІерІхрѕГрїЁрЅх рїЅрІ│рІГ ріЃрѕІрЇі рІерѕєріЉрЅх ріарЅХ рІІрѕ▓рѕЂріЋ рЅ░рѕхрЇІрІг ріерЅ▓ріГрЅФрѕЁ рібрЅхрІ«рїхрІФ рїІрѕГ рЅєрІГрЅ│ ріарІхрѕГрїѕрІІрѕЇрЇб┬а

Q. рЅарЅ░рѕѕрІФрІе рїірІю рІюрїјрЅй рЅарѕ░рѕІрѕЮ рІѕрїЦрЅ░рІЇ рѕўрїЇрЅБрЅх ріЦріЋрІ░рѕЏрІГрЅйрѕЅ рІГрїѕрѕѕрїИрѕЇрЇб ріерѕ░рІЇ рѕЋрІГрІѕрЅх рІерѕџрЅарѕЇрїЦ ріљрїѕрѕГ рІ░рїЇрѕъ рІерѕѕрѕЮрЇб ріЦріЋрІ░ рЇЊрѕГрЅ▓ рѕѕрѕўрЇЇрЅхрѕё рѕЮріЋ ріЦрІерѕ░рѕФрЅйрѕЂ ріљрІЇ ?

ріарЅХ рІІрѕ▓рѕЂріЋ рЅ░рѕхрЇІрІг рЇд

"" рЅйрїЇрѕ«рЅйріЋ рЅарІерЅхріЏрІЇрѕЮ рІѕрїѕріЋ рЅаріЃрІГрѕЇ рѕѕрѕЏрѕхрЇѕрїИрѕЮ ріерѕўрѕъріерѕГ рЅарЇірЅх рЅарІЇрІГрІГрЅх ріЦріЋрІ▓рЇѕрЅ▒ рЅарЅ░рІ░рїІрїІрѕџ рїарІГрЅђріЊрѕЇрЇб 

ріљрїѕрѕГ рїЇріЋ рЅарІерЅхріЏрІЇріЋ ріаріФрѕЇ рЅ░рѕ░рѕџріљрЅх ріарѕІрїѕріЎрѕЮрЇб рѕІрѕѕрѕЏрїЇріўрЅ│рЅИрІЇ рѕЏрѕхрѕерїЃрІјрЅ╣ ріарѕЂріЋ рІФрѕЅрЅх рїЇрїГрЅХрЅй ріЊрЅИрІЇрЇб

рїЇрїГрЅХрЅй ріерЅхріЋрѕй ріљрїѕрѕГ ріЦрІерЅ░ріљрѕ▒ ріЦрІФрІ░рїЅ рѕѓрІ░рІЇ ріарѕЂріЋ рІФрѕЅрЅарЅх рІ░рѕерїЃ рѕІрІГ рІерІ░рѕерѕ▒рЅхрЇб рІГрѕё рІ░рїЇрѕъ рЅарѕўріЋрїЇрѕхрЅх рЅИрѕЇрЅ░ріЮріљрЅхрЇБ рЅхрІЋрїЇрѕхрЅх рѕЏрїБрЅхрѕЮ рїГрѕЮрѕГ рІерѕџрѕўрїБ ріљрІЇрЇб рІерїЇрїГрЅХрЅ╣ріЋ рѕўріЋрѕхріц рЅарѕЏрІерЅх ріЦріЋрІ▓рЇѕрЅ▒ рѕЏрѕ│рѕ░рЅбрІФрІјрЅйріЋ ріЦрІерѕ░рїаріЋ ріљрІЇрЇб ""

Q. ріаріЋрІ│ріЋрІХрЅй "" рѕўріЋрїЇрѕхрЅх рЅарібрЅхрІ«рїхрІФ рІерѕџрѕхрЅ░рІІрѕѕрІЇріЋ рїЇрїГрЅх рѕхрѕѕрѕџрЇѕрѕЇрїѕрІЇ ріЦріЋрїѓ рѕЏрѕхрЅєрѕЮ ріарЅЁрЅХрЅх ріарІГрІ░рѕѕрѕЮ "" рІерѕџрѕЅ рЅхрЅйрЅХрЅй рѕ▓рІФрЅђрѕГрЅА рІГрѕхрЅ░рІІрѕІрѕЇрЇб рЅарІџрѕЁ рїЅрІ│рІГ рЇЊрѕГрЅ▓рІј рѕЮріЋ рІГрѕІрѕЇ ?

ріарЅХ рІІрѕ▓рѕЂріЋ рЅ░рѕхрЇІрІг рЇд

"" ріаріЋрІх рѕўріЋрїЇрѕхрЅх рІерЅ░рѕерїІрїІ рѕ░рѕІрѕЮ рѕ▓ріќрѕГ ріљрІЇ рѕірїарЅђрѕЮ рІерѕџрЅйрѕѕрІЇ рЅЦрѕѕріЋ ріЦріЊрѕЮріЊрѕѕріЋрЇб 

рЅйрїЇрѕ«рЅй рЅБрѕЅрЅарЅх рѕўріЋрїЇрѕхрЅх рІўрѕІрЅѓ рІерѕхрѕЇрїБріЋ рѕЏрѕФрІўрѕЮрЇБ рІерѕЇрѕЏрЅх рІЇрїцрЅх рѕЏрѕЮрїБрЅх ріарІГрЅйрѕЇрѕЮрЇб рѕхрѕѕрІџрѕЁ рїЇрїГрЅХрЅ╣ ріЦріЋрІ▓рЅБрЅБрѕ▒ рЇЇрѕІрїјрЅх ріарѕѕрІЇ рЅЦрѕѕріЋ ріаріЊрѕЮріЋрѕЮрЇб

рїЇріЋ рѕѕ5 рІЊрѕўрЅ│рЅх рѕўріЋрїЇрѕхрЅх рѕѕрѕЮріЋ рЅйрїЇрѕ«рЅ╣ріЋ рѕЏрѕхрЅєрѕЮ ріарѕЇрЅ╗рѕѕрѕЮ ? рЅЦрѕѕріЋ ріФрІеріЋ ріаріЋрІ░ріЏ рІерїЇрїГрЅХрЅ╣ріЋ рЅБрѕЋрѕф рѕўрІЇрѕ░рІх рІФрѕхрЇѕрѕЇрїІрѕЇрЇб 

рЅђрІЇрѕХрЅ╣ рІЇрїФрІіріЊ рІЇрѕхрїБрІі рЅЦрѕѕріЋ рЅЦріЋріерЇЇрѕЇ ріЦріЋрі│ рїЇрїГрЅХрЅй ріЦрІерЅ░ріљрѕ▒ рІФрѕЅрЅх рЅЦрѕЇрїйрїЇріЊ рІЇрѕхрїЦ рЅБрѕЅ ріЃрІГрѕјрЅй ріљрІЇрЇб┬а

рІеріГрѕЇрѕЇ рѕЇрІЕ ріЃрІГрѕЇріЋ рЅхрїЦрЅЁ ріерѕЏрѕхрЇѕрЅ│рЅхрЇБ рЅ░рЇѕріЊрЅЃрІ«рЅйріЋ ріерѕЏрѕхрѕўрѕѕрѕх рїІрѕГ рЅ░рІФрІГрІъ рѕўріЋрїЇрѕхрЅх рІГрІѕрѕхрІ│рЅИрІЇ рІеріљрЅарѕЕ ріЦрѕГрѕЮрїЃрІјрЅй рЇЊрѕѕрЅ▓ріФрІі рїЅрІ│рІ«рЅй рЇЊрѕѕрЅ▓ріФрІі рІерѕєріљ рѕўрЇЇрЅхрѕё рѕЏрїЇріўрЅх рѕ▓рїѕрЅБрЅИрІЇ рІФріЋріЋ рѕІрѕѕрѕЏрІхрѕерїЇ ріЦрІерЅ░рЇѕрїарѕе рІФрѕѕ рїЇрїГрЅх ріљрІЇрЇб ""

Q. рЇЊрѕГрЅ▓рІФрЅйрѕЂ рібрІюрѕЏ Рђю рІерѕўріЋрїЇрѕхрЅх рЅ░рѕѕрїБрЇі РђЮ рІерѕџрѕЇ рѕхрІФрѕю / ріарѕхрЅ░рІФрІгрЅх рѕ▓рѕ░рїарІЇ рІГрѕхрЅ░рІІрѕІрѕЇрЇб рѕЮрѕІрѕйрІј рѕЮріЋрІхріЋ ріљрІЇ ?

ріарЅХ рІІрѕ▓рѕЂріЋ рЅ░рѕхрЇІрІг рЇд

"" рѕўріЋрїЇрѕхрЅх ріЦрІерѕ░рѕФрЅИрІЇ рІФрѕЅ рїЇрІхрЇѕрЅХрЅйріЋ ріЦрІФрѕхрЅђрѕўрїЦріЋ ріљрІЇрЇб ріЦріЋрІ░рІЏ рІерѕџрЅБрѕѕрІЇ рЅарѕЮріЋ рѕўрѕхрЇѕрѕГрЅх ріЦріЋрІ░рѕєріљ ріарІГрїѕрЅБріЮрѕЮрЇб ріЦріЏ рЅаріарїЇрЅБрЅА рѕхрѕФрЅйріЋріЋ ріЦрІерѕ░рѕФріЋ ріљрІЇрЇб

рѕѕрѕџріљрѕ▒ ріарѕЅрЅДрѕЇрЅ│рІјрЅй рѕЮрѕІрѕй рѕўрѕхрїарЅх ріаріЋрЅйрѕЇрѕЮ рЇц рїірІю рІерѕѕріЋрѕЮ рЇц ріЦріЏ рѕЦрѕФ рѕІрІГ ріљріЋрЇб 

ріЦріЋрІ░рІџрѕЁ рІерѕџрѕЅрЅх рѕўрѕхрѕФрЅх рІерѕЏрІГрЅйрѕЅ рѕ░ріљрЇјрЅй ріЊрЅИрІЇрЇб ""

Q. рЅарібрЅхрІ«рїхрІФ рѕхрѕІрѕѕрІЇ рІерїИрїЦрЅ│ ріЦріЊ рІерІ░ріђріЋріљрЅх рѕЂріћрЅ│ рІерЇЊрѕГрЅ▓рІјріЋ рїЇрѕЮрїѕрѕЏ рЅбрІФрїІрѕЕ ?

ріарЅХ рІІрѕ▓рѕЂріЋ рЅ░рѕхрЇІрІг рЇд

"" рІерїИрїЦрЅ│ріЊ рІ░рѕЁріЋріљрЅх рїЅрІ│рІГ рЅарЅ░рѕѕрІГ рЅБрѕѕрЇЅрЅх 3 рІЊрѕўрЅ│рЅх ріЦрІерЅ░рЅБрЅБрѕ░ріЊ рѕўрѕЇріЕріЋ ріЦрІерЅђрІерѕе рІФрѕѕрЅарЅх рѕЂріћрЅ│ ріљрІЇ рІФрѕѕрІЇрЇб

рѕўрїаріЉ рЅарЅ░рѕѕрІФрІе рІ░рѕерїЃ рІГрѕЂріЋ ріЦріЋрїѓ рЅарЅ░рѕѕрІФрІЕ ріГрѕЇрѕјрЅйріЊ рІѕрѕерІ│рІјрЅй рѕІрІГ рІФрѕЅ рїЇрїГрЅХрЅй рІерїИрїЦрЅ│ рѕЂріћрЅ│рІЇріЋ ріЦрІФрІѕріЕрЅх рІГрїѕріЏрѕЅрЇб

рІерѕџрЅ│рІЕрЅх рІерїИрїЦрЅ│ріЊ рІ░рѕЁріЋріљрЅх рЅйрїЇрѕ«рЅй рІюрїјрЅй рЅаріљрЇЃріљрЅх рЅ░ріЋрЅђрѕ│рЅЁрѕ░рІЇ рїЅрІ│рІФрЅИрІЇріЋ ріЦріЋрІ│рІГрЇѕрїйрѕЎ рЇц рІерЇЊрѕѕрЅ▓ріФ рЇЊрѕГрЅ▓рІјрЅйрѕЮ #рЅаріљрЇЃріљрЅх_рЅ░ріЋрЅђрѕ│рЅЁрѕ░ріЋ рІерѕЮріЋрЇѕрѕЇрїѕрІЇріЋ рІерЇЊрѕѕрЅ▓ріФ рѕЦрѕФ ріЦріЋрІ│ріЋрѕ░рѕФ ріЦріЋрЅЁрЇІрЅх ріЦрІерЇѕрїарѕе ріљрІЇрЇб ""

Q. рІеріЉрѕ« рІѕрІхріљрЅ▒ рѕЋрІЮрЅАріЋ рЅаріЦрїЁрїЅ рЇѕрЅхріќрЅ│рѕЇрЇб рѕѕрІџрѕЁрѕЮ┬а Рђю рѕўріЋрїЇрѕхрЅх рЅхріЕрѕерЅх ріарѕЇрѕ░рїарѕЮ┬а РђЮ рІерѕџрѕЅ рЅЁрѕгрЅ│рІјрЅй рѕ▓рѕ░ріљрІўрѕЕ рІГрѕхрЅ░рІІрѕІрѕЇрЇб рѕўріЋрїЇрѕхрЅх ріЃрѕІрЇіріљрЅ▒ріЋ ріЦрІерЅ░рІѕрїБ ріљрІЇ ?

ріарЅХ рІІрѕ▓рѕЂріЋ рЅ░рѕхрЇІрІг рЇд

"" ріЉрѕ« рІЇрІхріљрЅ▒ рЅарЅ░рѕѕрІГрѕЮ #рѕўріФріерѕѕріЏ_рїѕрЅб рІерѕџріќрѕерІЇ рѕЁрЅЦрѕерЅ░рѕ░рЅЦ рЅ░рѕўрїЇрЅд рѕЏрІ░рѕГ рІерѕЏрІГрЅйрѕЇрЅарЅхрЇБ рѕЇрїєрЅ╣ріЋ рІерѕЏрІФрѕхрЅ░рѕЮрѕГрЅарЅх рІ░рѕерїЃ рѕІрІГ рІ░рѕГрѕирѕЇрЇб 

рІеріЉрѕ« рІЇрІхріљрЅ▒ рЅарІерЅђріЉ ріерЅЂрїЦрїЦрѕГ рІЇрїф ріЦрІерІѕрїБ ріљрІЇ рІФрѕѕрІЇрЇб

рЅарІџрѕЁ рѕЂріћрЅ│ ріЦріЋрі│ рѕарѕФрЅ░ріърЅй рІерІѕрѕФрЅх рІ░рѕўрІѕрІЮ рѕ│рІГріерЇѕрѕІрЅИрІЇ ріЦрІерѕ░рѕЕ ріљрІЇрЇб 

рЅарЅ░рЅЃрѕФріњрІЇ рІ░рїЇрѕъ рѕўріЋрїЇрѕхрЅх рѕѕрЅЁріЋрїА рЇЋрѕ«рїђріГрЅХрЅй рІерѕџрІФрІѕрїБрЅИрІЇ рЅарїђрЅХрЅй ріарѕЅрЇб рѕўріЋрїЇрѕхрЅх ріЦрІерѕёрІ░рЅарЅх рІФрѕѕрІЇ рѕўріЋрїѕрІх ріЉрѕ« рІЇрІхріљрЅ▒ріЋ рІерІўріљрїІ ріљрІЇрЇб ""

Q. ріЦріЋрІ░ рЇЊрѕГрЅ▓ рІерѕџрІ░рѕГрѕхрЅБрЅйрѕЂ рїФріЊ рѕЮріЋрІхріЋ ріљрІЇ ? рѕѕрЅђрїБрІЕ рѕЮрѕГрїФрѕх рІЮрїЇрїЁрЅх ріЦрІФрІ░рѕерїІрЅйрѕЂ ріљрІЇ ?

ріарЅХ рІІрѕ▓рѕЂріЋ рЅ░рѕхрЇІрІг рЇд

"" рІерїИрїЦрЅ│рІЇ рЅйрїЇрѕГ рІерЇЊрѕѕрЅ▓ріФ рЇЊрѕГрЅ▓рІјрЅй рЅарѕџрЇѕрѕѕрїѕрІЇ рІ░рѕерїЃ рЅ░ріЋрЅЃрѕ│рЅЁрѕ░рІЇ ріарЅБрѕјрЅ╗рЅИрІЇріЋ ріЦріЋрІ│рІГрЅђрѕ░рЅЁрѕ▒рЇБ рІ░рїІрЇірІјрЅ╗рЅИрІЇріЋ ріЦріЋрІ│рІФрїѕріЎ ріарІхрѕГрїЊрѕЇрЇб ріЦріЏрѕЮ рІФріЋріЋ ріЦрІФрІ░рѕерїЇріЋ ріарІГрІ░рѕѕрѕЮрЇб

рЅ░рЇјріФріФрѕф рЇЊрѕГрЅ▓рІјрЅй рІерѕўріЋрїЇрѕхрЅх рѕџрІ▓рІФрІјрЅйріЋ ріЦріЋрі│ рѕўрїарЅђрѕЮ ріарІГрЅйрѕЅрѕЮрЇб 

рІерѕўріЋрїЇрѕхрЅх рѕџрІ▓рІФрІјрЅй рІерЅЦрѕЇрїйрїЇріЊ рѕЇрѕ│ріЋ рѕєріљрІІрѕЇрЇб рІерЅЦрѕЇрїйрїЇріЊ ріЦріЋрїѓ рІерѕўріЋрїЇрѕхрЅх рѕџрІ▓рІФ рѕірЅБрѕЅ ріарІГрЅйрѕЅрѕЮрЇб┬а

рѕхрѕѕрІџрѕЁ рІерЇЊрѕѕрЅ▓ріФ рѕЮрѕЁрІ│рѕЕ ріерЅђріЋ рЅђріЋ ріЦрІерїарЅарЅа ріљрІЇрЇб рІГрѕё рІ░рїЇрѕъ рѕўрІхрЅЦрѕѕ рЇЊрѕГрЅ▓ рЅарЅ│рІѕрїђрЅарЅх ріарїѕрѕГ рѕІрІГ ріарІГрїарЅЁрѕЮрѕЮрЇб 

рІерѕўрІхрЅЦрѕѕ рЇЊрѕГрЅ▓ рѕхрѕГрІЊрЅхріЋ ріЦрІФрѕФрѕўрІхріЋ ріљрІЇ ріЦріЋрѕІрѕѕріЋрЇц рѕўрѕгрЅх рѕІрІГ рІФрѕѕрІЇ рѕђрЅЁ рїЇріЋ ріаріЋрІх ріарІЇрѕФ рЇЊрѕГрЅ▓ рЅЦрЅ╗ ріќрѕ« (рЅЦрѕЇрїйрїЇріЊ) ріЦрѕ▒ріЋ рЅЦрЅ╗ ріЦрІФрѕърїѕрѕхріЋ ріЦріЋрІхріЋріќрѕГ ріљрІЇрЇб

рЅЦрѕЇрїйрїЇріЊ рЅарЅђрїЦрЅ│ ріЦрІерѕёрІ░ рІФрѕѕрІЇ рѕФрѕ▒ріЋ рІѕрІ░ ріарІЇрѕФ рЇЊрѕГрЅ▓ рѕѕрѕўрЅђрІерѕГ ріЦріЋрЅЁрѕхрЅЃрѕ┤ ріЦрІФрІ░рѕерїѕ ріљрІЇрЇб 

Рђў 13 рѕџрѕірІ«ріЋ рЇБ 14 рѕџрѕірІ«ріЋ #ріарЅБрѕІрЅхріЋ_ріарЇЇрѕГрЅ╗рѕѕрѕЂ РђЎ рІГрѕІрѕЇрЇц ріерѕўрѕФрїЕ рѕЋрІЮрЅЦ рїЇрѕЏрѕ╣ріЋ ріарЅБрѕЇ ріарІхрѕГрїїріарѕѕрѕЂ рІерѕџрѕЇ ріерѕєріљ рѕЮрѕГрїФ рЅбрѕўрїБрѕЮ рЅхрѕГрїЅрѕЮ рІерѕѕрІЇрѕЮрЇб рѕѕрІГрѕхрѕЎрѕІ рІерѕџрІ░рѕерїЇ рѕЮрѕГрїФ ріљрІЇрЇб ""

#TikvahEthiopiaFamilyAA
#EZEMA #рІерЇќрѕѕрЅ▓ріФрЇЊрѕГрЅ▓рІјрЅйрѕЮріЋрІГрѕІрѕЅ?

@tikvahethiopia",2024-05-19 10:28:29+00:00
87746,"#OnlineNationalExam

рІерЅхрѕЮрѕЁрѕГрЅх рѕЮрІўріЊріЊ рЇѕрЅ░ріЊрІјрЅй ріарїѕрѕЇрїЇрѕјрЅх рІўріЋрІхрѕ« рЅарідріЋрѕІрІГріЋ рѕѕрѕџрѕ░рїарІЇ рІерѕђрїѕрѕГ ріарЅђрЇЇ рІе12ріЏ ріГрЇЇрѕЇ рѕўрѕЇрЅђрЅѓрІФ рЅЦрѕћрѕФрІі рЇѕрЅ░ріЊ рЅ░рѕЏрѕфрІјрЅй ріЦріЋрІ┤рЅх рІерідріЋрѕІрІГріЋ рЇѕрЅ░ріЊрІЇріЋ рѕўрІЇрѕ░рІх ріЦріЋрІ░рѕџрЅйрѕЅ рІерѕџрІФрѕ│рІГ ріаріЋрІх рЅаріаріЋрІх рІерЅ░рІўрѕерІўрѕе рѕўрѕўрѕфрІФ рІГрЇІ ріарІхрѕГрїЊрѕЇрЇб

рЅфрІхрІ« рЇд https://youtu.be/PdAu-FI-Q5M?si=PhIga8FlMtVsDUS2

#EAES

@tikvahethiopia",2024-05-19 10:28:06+00:00
87745,,2024-05-19 10:28:06+00:00
87744,,2024-05-19 10:28:06+00:00
87743,,2024-05-19 10:28:06+00:00
87742,,2024-05-19 10:28:05+00:00
87741,,2024-05-19 10:27:49+00:00
87740,"#SirajChiffon

рІерЅ░рѕѕрІФрІЕ рѕЮрѕГрїЦ рѕйрЇјріќрЅй рЅарЅ░рѕўрїБрїБріЮ рІІрїІ !

ріарІхрѕФрѕ╗ рЇд рѕўрѕГріФрЅХ ріарІ▓рѕ▒ рѕџрѕірЅ░рѕф рЅ░рѕФ / рІерѕ▒рЅЁ рЅЂрїЦрѕГ: F1-133C

рІФріЊрїЇрѕЕріЋ рЇд @bilalsiraje
рѕхрѕЇріГ рЇд +251929091179 or +251931223346

рІерЅ┤рѕїрїЇрѕФрѕЮ рЅ╗ріЊрѕІрЅйріЋріЋ рІГрЅђрѕІрЅђрѕЅ
https://t.me/siraj1945",2024-05-19 10:27:49+00:00
87739,,2024-05-19 10:27:40+00:00
87738,"#Yonatan_BT_Furniture
рІ«ріЊрЅ│ріЋ рЅбрЅ▓ рЇѕрѕГріњрЅИрѕГ

рІерІўрѕўріЊрІіріљрЅх рЅ░рѕЮрѕ│рѕїрЅх!

ріарІхрѕФрѕ╗рЅйріЋрЇд
1. рІіріЋрїїрЅх ріарІ░рЅБрЅБрІЕріЋ рЅ░рѕ╗рїЇрѕ«: +251 995 27 2727 
2. рЇњрІФрѕ│ ріЦрѕф рЅаріеріЋрЅ▒ : +251 957 86 8686
3. рѕ▓ ріцрѕЮ рѕ▓ ріарІ░рЅБрЅБрІЕріЋ ріарѕѕрЇЇ рЅЦрѕј: +251 993 82 8282

­ЪЉЅ Telegram:┬а https://t.me/yonatanbt_furniture
­ЪЉЅ Facebook:┬а https://www.facebook.com/profile.php?id=100087238034736
­ЪЉЅ TikTok: https://www.tiktok.com/@yonatanbtfurniture
­ЪЉЅ Instagram: https://www.instagram.com/yonatanbtfurniture/",2024-05-19 10:27:40+00:00
87737,"#Update

рІе2016 рЅхрѕЮрѕЁрѕГрЅх рІўрѕўріЋ рІерібрЅхрІ«рїхрІФ рѕЂрѕѕрЅ░ріЏ рІ░рѕерїЃ рЅхрѕЮрѕЁрѕГрЅх рѕЏрїаріЊрЅђрЅѓрІФ (12ріЏ ріГрЇЇрѕЇ) рІерЅарІГріљ рѕўрѕерЅЦ (Online) рЅ░рЇѕрЅ│ріърЅй рѕўрЇѕрЅ░ріЏ рІГрЇІ рѕєріљрЇАрЇА 

рІе2016 рЅхрѕЮрѕЁрѕГрЅх рІўрѕўріЋ рІе12ріЏ ріГрЇЇрѕЇ рѕђрїѕрѕГ ріарЅђрЇЇ рЇѕрЅ░ріЊ рЅарІѕрѕерЅђрЅхріЊ рЅарЅарІГріљ рѕўрѕерЅЦ рІГрѕ░рїБрѕЇрЇб

рЅарІџрѕЂ рѕўрѕарѕерЅх рЅарЅарІГріљ рѕўрѕерЅЦ рЇѕрЅ░ріЊрІЇріЋ рІерѕџрІѕрѕхрІ▒ рЅ░рЇѕрЅ│ріърЅй ріерѕІрІГ рЅарЅ░рїѕрѕѕрїИрІЇ ріарІхрѕерѕ╗ рЅЦрЅ╗ рІерѕџрЇѕрЅ░ріЉ рІГрѕєріЊрѕЇрЇАрЇА

рЇѕрЅ░ріЊрІЇріЋ ріерѕўрІЇрѕ░рІ│рЅИрІЇ рЅарЇірЅх рѕЂрѕЅрѕЮ рЅ░рЇѕрЅ│ріърЅй рЅарЅѓ рѕЇрѕЮрѕЮрІх рѕЏрІхрѕерїІрЅИрІЇ ріарѕхрЇѕрѕІрїі рЅарѕўрѕєріЉ ріерІЏрѕг рЅЁрІ│рѕю рїЇріЋрЅдрЅх 10 рЅђріЋ 2016 рІЊ.рѕЮ рїђрѕЮрѕ« рЅаріарІхрѕФрѕ╗рІЇ рЅ░рЇѕрЅ│ріърЅй рЅарѕџрїѕріЎрЅарЅх ріГрѕЇрѕЇ рІерЅ░рІ░рѕѕрІ░рѕЅ рѕхрѕѕрѕєріљ рѕЇрѕЮрѕЮрІх рѕЏрІхрѕерїЇ рІГрЅйрѕІрѕЅ рЅ░рЅЦрѕЈрѕЇрЇб

рЅ░рЇѕрЅ│ріърЅй рѕЇрѕЮрѕЮрІх рѕѕрѕЏрІхрѕерїЇ ріерІџрѕЁ рЅарЇірЅх рѕѕріГрѕЇрѕЇ / ріерЅ░рѕЏ ріарѕхрЅ░рІ│рІ░рѕГ рЅђрІхрѕъ рІерЅ░рѕІріерІЇріЋ  рІерІГрѕѕрЇЇ рЅЃрѕЇріЊ рѕхрѕЮ (User Name and Password) ріерІерЅхрѕЮрѕЁрѕГрЅх рЅцрЅХрЅ╗рЅИрІЇ рѕЏрїЇріўрЅх ріЦріЋрІ░рѕџрЅйрѕЅ рЅ░рїѕрѕЇрї┐рѕЇрЇб

рѕўрїђрѕўрѕфрІФ рІѕрІ░ рѕўрЇѕрЅ░ріЏ рѕ▓рѕ░рЅ░рѕЎ ріЦріЋрІ░рїѕрЅА рІерѕЏрІГрѕерѕ▒рЅхріЋ рІерїЇрѕІрЅИрІЇріЋ рІерІГрѕѕрЇЇ рЅЃрѕЇ рІерѕџрЅђрІГрѕЕ рІГрѕєріЊрѕЇрЇАрЇА 

рЅ░рЇѕрЅ│ріърЅй #ріерЅ░рІ░рѕѕрІ░рѕЅрЅарЅх_ріГрѕѕрѕхрЅ░рѕГ_рІЅрїф рѕ▓рѕ░рЅхрѕЎріЋ рѕўрїарЅђрѕЮ #рІерѕЏрІГрЅйрѕЅ рѕўрѕєріЉріЋ рІерЅхрѕЮрѕЁрѕГрЅх рѕЮрІўріЊріЊ рЇѕрЅ░ріЊрІјрЅй ріарїѕрѕЇрїЇрѕјрЅх ріарѕ│рІЇрЅІрѕЇрЇб

@tikvahethiopia",2024-05-18 16:36:52+00:00
87736,,2024-05-18 16:36:52+00:00
87735,,2024-05-18 16:36:52+00:00
87734,,2024-05-18 16:36:52+00:00
87733,,2024-05-18 16:36:52+00:00
87732,,2024-05-18 16:36:52+00:00
87731,"#рѕђрѕІрЅБ

- "" рЅБрѕѕрЅцрЅ┤ ріерІѕріЋрІхрѕЎріЊ ріЦрѕЁрЅ▒ рїІрѕГ рЅарѕўрѕєріЋ рЇірЅ┤ ріЦрѕхріфрЅарѕІрѕй рІ░рЅарІ░рЅАріЮ "" - рЅ░рЅарІ│рІГ 

- "" ріЦріЋрІ▓рѕЁ ріарІГріљрЅ▒ріЋ рІерѕ┤рЅх рѕЇрїЁ рїЅрІ│рЅх ріаріЋрЅ│рїѕрѕхрѕЮ "" - рІерѕђрѕІрЅБ рІъріЋ рѕ░рѕІрѕЮріЊ рїИрїЦрЅ│ рЅбрѕ« рѕђрѕІрЇірІЅ ріарЅХ рѕЎрІ░рѕ▓рѕГ рїЅрЅ│рїј

рЅарѕђрѕІрЅБ ріерЅ░рѕЏ "" рЅБрѕѕрЅцрЅ┤ ріеріЦрѕЁрЅхріЊ рІѕріЋрІхрѕЎ рїІрѕГ рЅарѕўрѕєріЋ ріарІ░рїІ ріарІхрѕГрѕХрЅЦріЏрѕЇ "" рІФрѕѕрЅй рЅ░рЅарІ│рІГ рІерѕЁрїЇ рІхрїІрЇЇ рѕхрїАріЮ рѕхрЅхрѕЇ рЅарѕЏрѕЁрЅарѕФрІі рѕџрІ▓рІФ рїЦрІФрЅё ріарЅЁрѕГрЅБрѕѕрЅйрЇб

рїЅрІ│рІЕріЋ рІерЅ░рѕўрѕѕріерЅ░рІЇ рІерѕђрІІрѕ│ рІерЅ▓ріфрЅФрѕЁ рЅцрЅ░рѕ░рЅЦ ріарЅБрѕЇ рЅБрІ░рѕерїѕрІЅ рѕЏрїБрѕФрЅх рЇЦ рЅ░рїјрїЁрІІ рЇірЅи рѕІрІГ рїЅрІ│рЅх рѕўрІ░рѕерѕ▒ріЋ рЅарЅ░рїерѕЏрѕф рІерѕиріЊ рІерѕўрїђрѕўрѕфрІФ рѕЇрїЄ рѕ░рІЅріљрЅх рЅхріГрѕ╗рЅИрІЅ ріаріФрЅБрЅб ' рїЦрѕГрѕх ріЋріГрѕ╗ ' ріЦріЋрІ░рІ░рѕерѕ░рЅБрЅИрІЅ рѕѕрѕЏрІѕрЅЁ рЅйрѕЈрѕЇрЇб

рІерїЇрѕЇ рЅ░рЅарІ│рІЕрІІ ріЦріЊрЅх рѕѕрЅ▓ріГрЅФ рібрЅхрІ«рїхрІФ рЅарѕ░рїАрЅх рЅЃрѕЇ рЇц рѕЇрїЃрЅИрІЅріЊ рІерѕЇрїЁ рѕЇрїЃрЅИрІЅ рЅарІ░рѕЮ рЅ░рІўрЇЇрЅђрІЅ рЅарѕЮрѕйрЅх рІѕрІ░рЅцрЅх ріЦріЋрІ░рѕўрїАріЊ рЅарІѕрЅЁрЅ▒ ріерЇЇрЅ░ріЏ рІхріЋрїІрїц рІЇрѕхрїЦ рїѕріЋрЅ░рІЇ ріЦріЋрІ░ріљрЅарѕГ рїѕрѕЇрїИрІІрѕЇрЇб

рІерїЇрѕЇ рЅ░рЅарІ│рІЕрІІ рІѕ/рѕ« ріарЅарЅБ рЅдрѕеріЊ рЇц "" рѕЮріЋрѕЮ ріЦріЋрі│ріЋ рІерїІрѕФ ріарѕФрЅх рѕЇрїєрЅй рЅбріќрѕЕріЋрѕЮ ріФрѕЂріЋ рЅарЇірЅх рЅарѕўріФріерѕІрЅйріЋ рЅаріљрЅарѕе рїЇрїГрЅх рѕЮріГріњрІФрЅх рЅарЇЇрѕГрІх рЅцрЅх рѕѕрѕўрѕѕрІФрІерЅх рїФрЇЇ ріерІ░рѕГрѕ░ріЋ рЅаріІрѕІ┬а рЅарѕйрѕЏрїЇрѕї рЅ░рѕўрѕЇрѕ░ріЋ ріаріЋрІх рѕІрІГ рѕўріќрѕГ ріерїђрѕўрѕГріЋ 3 рІѕрѕГ ріарѕЇрѕєріљрѕЮ "" рЅЦрѕІрѕѕрЅйрЇб

"" рѕЮріЋрѕЮ ріЦріЋрі│ріЋ рЅђріЋ рѕІрІГ рЅђрѕІрѕЇ рїГрЅЁрїГрЅЁ рІЇрѕхрїЦ рЅЦріЋрїѕрЅБрѕЮ ріерЅцрЅ░рѕ░рЅА рїІрѕГ рѕєріќ ріЦріЋрІ▓рѕЁ рІФрІ░рѕГрїІрѕЇ рЅЦрІг рЇЇрї╣рѕЮ ріарѕЇрїарЅаріЕрѕЮ "" рѕхрЅхрѕЇ рЅ░ріЊрїЇрѕФрѕѕрЅйрЇб

"" рЅарЅ░рѕѕрІГ рЅ░рѕ░рЅЦрѕхрЅарІЅ рѕ▓рІ░рЅарІхрЅАріЮ рѕѕрѕўрїѕрѕІрїѕрѕЇ рІерїѕрЅБрІЅріЋ рІерѕўрїђрѕўрѕфрІФ рѕЇрїЃрЅйріЋ рѕІрІГ рѕІрІГ рЅарІџрѕЁ рѕЇріГ рІГрїеріГріЊрѕЇ рЅЦрІг ріарѕІрѕ░рЅЦріЕрѕЮ ріљрЅарѕГ ""┬а рЅЦрѕІрѕѕрЅйрЇб

рїЅрІ│рІЕріЋ рЅарЅ░рѕўрѕѕріерЅ░ рІерїИрїЦрЅ│ ріаріФрѕІрЅх рѕЮріЋ ріЦрІерѕ░рѕЕ ріљрІЅ ? рЅарѕЏрѕѕрЅх рІерїарІерЅЁріЊрЅИрІЇ рІерѕђрѕІрЅБ рІъріЋ рѕ░рѕІрѕЮріЊ рїИрїЦрЅ│ рѕђрѕІрЇі ріарЅХ рѕЎрІ░рѕ▓рѕГ рїЅрЅ│рїј рЇц "" ріЦріЋрІ▓рѕЁ ріарІГріљрЅ▒ріЋ рІерѕ┤рЅх рѕЇрїЁ рїЅрІ│рЅх ріаріЋрЅ│рїѕрѕхрѕЮ "" рЅЦрѕѕрІІрѕЇрЇб

рїЅрІ│рІЕріЋ рЅарѕ░рѕЎ рЅЁрїйрЅарЅх рІеріерЅ░рѕЏрІЇ рЇќрѕірѕх рЅарЇЇрїЦріљрЅх рЅйрїЇрѕГ рЇѕрїБрѕфрІјрЅйріЋ┬а рІГрІъ ріЦріЋрІ▓рІФрїБрѕФ рѕЏрІўрІЏрЅИрІЅріЋрѕЮ ріљрїЇрѕерІЅріЊрѕЇрЇб

ріарЅХ рѕЎрІ░рѕ▓рѕГ┬а рїЅрІ│рІЕ рЅ░рїБрѕГрЅХ рІерѕџрІ░рѕерѕхрЅарЅхріЋ рІЇрїцрЅх ріЦріЋрІ░рѕџрІФрїІрѕЕріЋ рЅЃрѕЇ рїѕрЅЦрЅ░рІІрѕЇрЇб

#TikvahEthiopiaFamilyHawassa

@tikvahethiopia",2024-05-18 14:24:07+00:00
87730,,2024-05-18 14:24:07+00:00
87729,,2024-05-18 14:24:07+00:00
87728,"#рЅбрѕЙрЇЇрЅ▒

рЅбрѕЙрЇЇрЅ▒ ріерЅ░рѕЏ рІерѕџрїѕріўрІЇ рІерѕўріерѕІріерІФ рѕфрЇѕрѕФрѕЇ рѕхрЇћрѕ╗рѕІрІГрІЮрІх рѕєрѕхрЇњрЅ│рѕЇ рІЏрѕг рЅ░рѕўрѕГрЅє рІѕрІ░ рѕхрѕФ рїѕрЅЦрЅирѕЇрЇб

рѕєрѕхрЇњрЅ│рѕЅ рІерібрЇїрІ┤рѕф рїа/рѕџ рІХ/рѕГ рІљрЅбрІГ ріарѕЁрѕўрІх ріЦріЊ рІерїдрѕГ ріЃрІГрѕјрЅй рїарЅЁрѕІрІГ рібрЅ│рѕЏрІдрѕГ рѕ╣рѕЮ рЇірѕЇрІх рѕЏрѕГрѕ╗рѕЇ рЅЦрѕГрѕЃріЉ рїЂрѕІ рЅарЅ░рїѕріЎрЅарЅх ріљрІЇ рІерЅ░рѕўрѕерЅђрІЇрЇб

рїарЅЁрѕІрІГ рѕџріњрѕхрЅхрѕЕ рѕєрѕхрЇњрЅ│рѕЅ рЇд
- ріЦрїЁрїЇ рІўрѕўріЊрІі рІерѕєріљ рІерѕърѕјріфрІЕрѕІрѕГ рѕІрЅЦрѕФрЅХрѕфрЇБ 
- рІеріарїЦріЋрЅх рѕЮрѕГрѕўрѕФ рѕЏрІЋріерѕЇрЇБ 
- рЅБрІ«рѕюрІ▓ріФрѕЇ рібріЋрїѓріљрѕфріЋрїЇ ріГрЇЇрѕЇ 
- ріЦріЋрІ░ рІеріЕрѕІрѕірЅх ріЦрїЦрЅарЅхрЇБ рІеріљрѕГрЅГрЇБ рІерѕ│рѕЮрЅБ ріЦріЊ рѕўрЅ░ріЋрЇѕрѕ╗ ріаріФрѕІрЅх рІерѕЁріГрѕЮріЊ ріарїѕрѕЇрїЇрѕјрЅХрЅйріЋ рІерѕџрѕ░рїЦ ріЦріЋрІ░рѕєріљ рїѕрѕЇрїИрІІрѕЇрЇб

"" рЅарѕђрїѕрѕФрЅйріЋ рІЇрѕхрїЦ ріФрѕЅ рїЇрѕЮрЅБрѕГ рЅђрІ░рѕЮ рІўрѕўріЊрІі рѕєрѕхрЇњрЅ│рѕјрЅй ріаріЋрІ▒ ріљрІЇ "" рЅЦрѕѕрІЇрЅ│рѕЇрЇб

рЇі/рѕЏрѕГрѕ╗рѕЇ рЅЦрѕГрѕЃріЉ рїЂрѕІ рЅарЅаріЕрѕІрЅИрІЇ "" рѕєрѕхрЇњрЅ│рѕЅ рѕѕрѕ░рѕФрІірЅ▒ рЅЦрЅ╗ рѕ│рІГрѕєріЋ рѕѕрѕЁрІЮрЅБрЅйріЋрѕЮ рЅхрѕЇрЅЁ рїарЅђрѕюрЅ│ рІГрІъ рѕўрїЦрЅирѕЇ "" рЅЦрѕѕрІІрѕЇрЇб

"" рЅ│ріФрѕџрІјрЅйріЋ рІЇрїГ ріарїѕрѕГ рѕ▓рѕІріЕрЅарЅх рІеріљрЅарѕерІЇріЋ рІеріарѕ░рѕФрѕГ рѕѓрІ░рЅх рІГрЅђрІГрѕФрѕЇ рЇц рЅарѕђрїѕрѕГ рІѕрѕхрїЦ ріерЇЇрЅ░ріЏ рѕЋріерѕЮріЊ рѕўрѕ░рїарЅх рѕхрѕѕрѕџрІФрѕхрЅйрѕЇ рІерІЇрїГ рѕЮріЋрІЏрѕг рІѕрїфріЋ рІФрѕхрЅђрѕФрѕЇ "" рЅЦрѕѕрІІрѕЇрЇб

рѕєрѕхрЇњрЅ│рѕЅ 425 рІерѕЁрѕЎрѕЏріЋ рЅ░ріЮрЅХ рѕўрЅ│ріерѕџрІФ ріарѕЇрїІ ріарѕѕрІЇ рЅ░рЅЦрѕЈрѕЇрЇб

@tikvahethiopia",2024-05-18 14:08:34+00:00
87727,,2024-05-18 14:08:33+00:00
87726,,2024-05-18 14:08:33+00:00
87725,,2024-05-18 14:08:33+00:00
87724,,2024-05-18 14:08:33+00:00
87723,,2024-05-18 14:08:33+00:00
87722,,2024-05-18 14:08:33+00:00
87721,,2024-05-18 14:08:33+00:00
87720,"рібрѕЋріарЇЊ рѕЮріЋ ріарѕѕ ?

рІерібрЅхрІ«рїхрІФ рѕЋрІЮрЅБрІі ріарЅЦрІ«рЅ│рІі рЇЊрѕГрЅ▓ / #рібрѕЋріарЇЊ / рЇЦ "" рібрЅхрІ«рїхрІФ ріЦріЋрІ░ ріарїѕрѕГ ріЦріЋрІхрЅхрЅђрїЦрѕЇ рЅаріарїѕрѕФрЅйріЋ рІерѕЋрїЇ рІерЅарѕІрІГріљрЅх рѕіріќрѕГ рІГрїѕрЅБрѕЇ "" ріарѕѕрЇб 

рЇЊрѕГрЅ▓рІЇ рЅарѕІріерІЇ рѕўрїЇрѕѕрїФ рѕІрІГ рЇЦ "" рІеріарїѕрѕГ рѕЋрїѕ -рѕўріЋрїЇрѕЦрЅх рІюрїјрЅй рЅЦрЅ╗ рѕ│рІГрѕєріЉ рѕўріЋрїЇрѕЦрЅхрѕЮ рІерѕџрїѕрІЏрЅарЅх рІеріарїѕрѕфрЅи рѕЅрІЊрѕІрІі рѕЋрїЇ рѕўрѕєріЉ рѕўрЅ│рІѕрЅЁ рІГріќрѕГрЅарЅ│рѕЇ "" рЅЦрѕЈрѕЇрЇб

"" рІерѕўріЋрїЇрѕЦрЅх рЇѕрѕГрїБрѕЏ рїЅрѕЇрЅарЅх рЅарѕЋрїѕ рѕўріЋрїЇрѕЦрЅх рІерѕџрїѕрЅ│ ріФрѕЇрѕєріљ ріаріЋрІх рѕўріЋрїЇрѕЦрЅх рѕЋрІЮрЅЦріЋ рЅЦрЅ╗ ріЦріЋрІ│рЇѕрЅ░рЅ░ріЮ ріарѕхрЅ░рІ│рІхрѕГрЅарЅ│рѕѕрѕЂ ріФрѕѕ рѕЋрїѕ рѕўріЋрїЇрѕЦрЅ▒ рЅЁрЅАрѕЇріљрЅх ріарІГріќрѕерІЇрѕЮ "" рѕ▓рѕЇ рїѕрѕЇрї┐рѕЇрЇб

рЇЊрѕГрЅ▓рІЇ "" рІерѕўріЋрїЇрѕЦрЅх ріаріФрѕІрЅх рІюрїјрЅйріЋ ріЦріЋрІ░рЇѕрѕѕрїЅ рЇд
- рѕЏрѕ░рѕГрЇБ 
- рѕўрїЇрІ░рѕЇрЇБ 
- рѕЏрЇѕріЊрЅђрѕЇрЇБ 
- рѕўрІ░рЅЦрІ░рЅЦрЇБ 
- рѕЏрЇѕріЋрЇБ 
- рѕЏріЋрїѕрѕІрЅ│рЅхрЇБ 
- рѕЏрѕ│рІ░рІхрЇБ 
- рЅцрЅх ріЋрЅЦрѕерЅ│рЅИрІЇріЋ рѕўрЅђрѕЏрЅх ріерїђрѕўрѕЕ рѕўріЋрїЇрѕЦрЅхріЋріЊ рѕЋрІЮрЅАріЋ рІерѕџрІФрѕхрЅ░рѕ│рѕхрѕерІЇ рѕЋрїЇрІі рѕЦрѕГрІЊрЅх рЅхрѕГрїЅрѕЮ-ріарѕЇрЅБ рѕєріЌрѕЇ рѕЏрѕѕрЅх ріљрІЇ "" рЅЦрѕЈрѕЇрЇб

"" рѕўріЋрїЇрѕЦрЅх рЅарЅЁрІхрѕџрІФ рѕЋрїЇ ріаріГрЅБрѕф рѕ▓рѕєріЋ ріљрІЇ рѕЋрїЇріЋ рѕЏрѕхріерЅарѕГ рІерѕџрЅйрѕѕрІЇ "" рѕ▓рѕЇрѕЮ ріаріГрѕЈрѕЇрЇб

"" рЅарібрЅхрІ«рїхрІФ рІЇрѕхрїЦ ріЦрѕхріерІЏрѕг рІхрѕерѕх рІерЇѕрѕ░рѕ░рІЇ рІерІ░рѕЮ рїјрѕГрЇЇ рѕірЅарЅЃ рІГрїѕрЅБрѕЇ "" рІФрѕѕрІЇ рібрѕЋріарЇЊ "" рІерЅЦрѕЇрїйрїЇріЊ рѕўріЋрїЇрѕЦрЅх рЅаріарїѕрѕФрЅйріЋ рѕарѕІрѕЮріЋ рѕѕрѕЏрѕхрЇѕріЋ рЅ░рЅђрІ│рѕџ ріЦрѕГрѕЮрїЃ рЇд
┬░ рЅарѕЋрІЮрЅЦ рѕІрІГ рїдрѕГ рѕўрѕхрЅарЅЂріЋрЇБ 
┬░ рѕарѕФрІірЅх рѕЏрІЮрѕўрЅ▒ріЋрЇБ 
┬░ рЅарІхрѕ«ріЋ
┬░ рЅаріарІерѕГ ріЃрІГрѕЇ рѕарѕІрѕЏрІі рѕЋрІЮрЅЦріЋ рѕўрЇЇрїђрЅ▒ріЋ рЅаріарѕхрЅИрі│рІГ рѕЏрЅєрѕЮ рІГріќрѕГрЅарЅ│рѕЇрЇАрЇА рѕЋрІЮрЅЦріЋ ріерІЋрѕЇрЅѓрЅх рѕђрїѕрѕГріЋрѕЮ ріерІЇрІхрѕўрЅх рѕЏрІ│ріЏрІЇ рЅЦрЅИріЏрІЇ рѕўріЋрїѕрІх рІЏрѕгрѕЮ рѕарѕІрѕЏрІі рІерЅхрїЇрѕЇ рѕўріЋрїѕрІх ріљрІЇріЊ "" рЅЦрѕЈрѕЇрЇб

рЇЊрѕГрЅ▓рІЇ рЅарѕўрїЇрѕѕрїФрІЇ рѕірЅђрѕўріЋрЅарѕЕрЇБ рѕе/рЇЋрѕ«рЇїрѕ░рѕГ рІЮріЊрЅА ріарЅарѕФріЋ рїерѕЮрѕ«┬а рІерЅ│рѕерѕ▒ ріарЅБрѕІрЅ▒ ріЦріЋрІ▓рЇѕрЅ▒ рїарІГрЅІрѕЇрЇб

ріарЅБрѕІрЅ▒ріЊ рѕїрѕјрЅй рІеріЦрѕхрѕеріърЅй ріарІФрІФрІЎ ріЦріЊ рЅєрІГрЅ│рІЇ рѕ░рЅЁрїБрїГ рЅарѕєріљрЅарЅх "" ріарІІрѕй ріарѕГрЅБ ""┬а ріЦріЋрІ░рЅ│рѕ░рѕЕ ріљрІЇ рІФрѕўрѕѕріерЅ░рІЇрЇб

"" ріЦрѕхрѕГ ріЦріЊ рѕЏрѕ░рЅЃрІерЅх рІерѕхрѕЇрїБріЋ рѕўріЋрЅарѕГріЋ рѕѕріарїГрѕГ рїірІю рѕірІФрїИріЊ рІГрЅйрѕЇ рІГрѕєріЊрѕЇ ріЦріЋрїѓ рІўрѕѕрЅёрЅ│ рІерѕѕрІЇрѕЮ "" рІФрѕѕрІЇ рЇЊрѕГрЅ▓рІЇ "" рїѕрІбрІЇ рЇЊрѕГрЅ▓ ріарїѕрѕФрЅйріЋ ріЦріЋрІ░ ріарїѕрѕГ ріЦріЋрІхрЅхрЅђрїарѕЇ ріЦріЋрІ▓рѕЂрѕЮ рІерІѕрїѕріќрЅ╗рЅйріЋ рІ░рѕЁріЋріљрЅх ріЦріЋрІ▓рїарЅарЅЁ рЇБ рІўрѕІрЅѓ рѕ░рѕІрѕЮ ріЦріЋрІ▓рѕ░рЇЇріЋ ріЦрѕхрѕФрЅ▒ рЇБ ріарЇѕріЊрІЇ рЇБ рїЇрІхрІФрІЇ рЇБ рІѕріерЅБрІЇ рЇБ рѕЏрѕхрЇѕрѕФрѕФрЅ▒ рЇБ рѕЋрїЇріЋ рѕўрїБрѕ▒ рѕЏрЅЦрЅЃрЅх ріарѕѕрЅарЅх "" рЅЦрѕЈрѕЇрЇб

"" рІерЅ░рѕѕрІе рѕЃрѕ│рЅЦ рІФрѕІрЅИрІЇріЋ рѕЂрѕЅ рѕЏрЇѕріЋ ріарѕЮрЅБрїѕріљріЊрІі рІерѕєріљ рѕЦрѕГрІЊрЅхріЋ рѕЏріЋрЅарѕГріЊ рЅарЇЇрѕГрѕЃрЅх ріЦрІерЅ░ріЊрїА рѕїрѕјрЅйріЋрѕЮ ріЦрЇјрІГрЅ│ ріљрѕхрЅХ рѕўрЅєрІерЅхріЋ ріЦріЋрїѓ рѕѕріарїѕрѕГ рѕарѕІрѕЮ ріЦріЊ рѕўрѕерїІрїІрЅхріЋ ріарІФрѕўрїБрѕЮрЇБ рІѕрІ░ рѕЏріЁрЅарѕФрІіріЊ ріцрі«ріќрѕџрІФрІі ріЦрІхрїѕрЅхрѕЮ рЅарЇЇрї╣рѕЮ ріарІГрІѕрѕхрІхрѕЮ "" рѕ▓рѕЇ ріарѕ│рІЇрЅІрѕЇрЇб

(рѕЎрѕЅ рѕўрїЇрѕѕрїФрІЇ ріерѕІрІГ рЅ░рІФрІГрІЪрѕЇ)

@tikvahethiopia",2024-05-18 14:06:54+00:00
87719,,2024-05-18 14:06:54+00:00
87718,,2024-05-18 14:06:54+00:00
87716,"#Axum

"" рІерѕЃрІЇрѕЇрЅ▒ рІ▓рІЏрІГріЋріЊ рѕўрѕгрЅх рѕІрІГ рІерЅ░рїѕріљрЅБрІЇ рѕѕрІерЅЁрѕЇ ріљрІЇ рЇц ріарІГрїѕріЊріЮрѕЮ ! ""
┬а
рІЏрѕг рЅаріаріГрѕ▒рѕЮ ріерЅ░рѕЏ рІерѕЏрѕЁрѕїрЅ│рІГ рЅЁрІ▒рѕх рІФрѕгрІх рѕЃрІЇрѕЇрЅх рЅ░рѕўрѕГрЅІрѕЇрЇб

ріљрїѕрѕГ рїЇріЋ ріерѕЃрІЇрѕЇрЅ▒ рїЇріЋрЅБрЅ│ рїІрѕГ рЅарЅ░рІФрІФрІў рЅарѕГріФрЅХрЅй "" ріарІГрѕўрїЦріЋрѕЮ "" рЅарѕџрѕЇ рЅ░рЅЃрІЇрѕўрІІрѕЇрЇб

рЅаріаріГрѕ▒рѕЮ рЅарІГрЇІ рІерЅ░рѕўрѕерЅђрІЇ рІерѕЏрѕЁрѕїрЅ│рІГ рЅЁрІ▒рѕх рІФрѕгрІх рѕЃрІѕрѕЇрЅх рѕѕрїЇріЋрЅБрЅ│рІЇ ріарѕФрЅх (4) ріарѕўрЅх рѕўрЇЇрїђрЅ▒ріЋ рЅ▓ріГрЅФрѕЁ рібрЅхрІ«рїхрІФ рѕѕрѕўрѕхрѕЏрЅх рЅйрѕЈрѕЇрЇб

рЅарѕЮрѕерЅЃ рѕхріљ-рѕ░рѕГрІЊрЅ▒ рІерЅ░рїѕріўрІЇ рІерѕўрЅљрѕѕ рІерЅ▓ріГрЅФрѕЁ рібрЅхрІ«рїхрІФ рЅцрЅ░рѕ░рЅЦ ріарЅБрѕЇ рЅарѕЃрІЇрѕЇрЅ▒ рїЇріЋрЅБрЅ│ рІЎрѕфрІФ рІерЅ░ріљрѕ│рІЇ рЅ░рЅЃрІЇрѕъ рЅ░ріерЅ│рЅхрѕЈрѕЇрЇб

рЅарѕЮрѕерЅЃ рѕхріљ-рѕхрѕГрІЊрЅх рѕІрІГ рІерЅ░рїѕріЎ рѕЮріЦрѕўріЊріЋ ріЦріЊ рїЦрѕф рІерЅ░рІ░рѕерїѕрѕІрЅИрІЇ ріЦріЋрїЇрІХрЅй рІерібрЅхрІ«рїхрІФріЊ рІерІЊрѕѕрѕЮ рІерІюрѕЏ ріарЅБрЅх рІерѕєріљрІЇ рѕЏрѕЁрѕїрЅ│рІГ рЅЁрІ▒рѕх рІФрѕгрІх рІерѕџрІФрѕхрЅ│рІЇрѕх рѕЃрІѕрѕЇрЅх рѕўрЅєрѕЎ рЅбрІФрѕхрІ░рѕхрЅ│рЅИрІЇрѕЮ "" рѕЃрІЇрѕЇрЅ▒ рІерІюрѕЏ ріарЅБрЅ▒ріЋ ріГрЅЦрѕГріЊ рІЮріЊ рІерѕџрѕўрїЦріЋ ріарІГрІ░рѕѕрѕЮ "" рѕ▓рѕЅ рЅЁрѕгрЅ│рЅИрІЇріЋ рїѕрѕЇрїИрІІрѕЇрЇб

рЅарѕхріљ-рѕ░рѕГрІЊрЅ▒ рѕІрІГ рІерЅ░рїѕріЎрЅх рІеріаріГрѕ▒рѕЮ рїѕрІ│рѕЏрЅх рІѕ ріарІхрЅБрѕФрЅх ріарѕхрЅ░рІ│рІ│рѕф ріЋрЅАрѕе ріЦрІх рїјрІ░рЇІ рѕўрѕГрѕЃ рѕЮріЦрѕўріЊріЉріЊ ріЦріЊ рЅ│рІ│рѕЮрІФріЋ "" рѕЃрІѕрѕЇрЅ▒ ріарІГрѕўрїЦріЋрѕЮ "" рѕ▓рѕЅ рІФріљрѕ▒рЅхріЋ рЅЁрѕгрЅ│ рЅ░рїІрѕГрЅ░рІЇрЅ│рѕЇрЇб

рІерѕЮрѕерЅЃ рѕхріљ-рѕ░рѕГрІЊрЅ▒ рЅарѕџрІхрІФ рѕѕрѕЁрІЮрЅЦ рІГрЇІ ріерѕєріљ рЅаріЃрѕІ ' рѕЃрІѕрѕЇрЅ▒ рЅЁрІ▒рѕх рІФрѕгрІхріЋ ріарІГрІѕріГрѕЇрѕЮ рЇц ріарІГрѕўрїЦрѕЮ ' рІерѕџрѕЇ рЅарѕђрїѕрѕГ рІЇрѕхрїЦ ріЦріЊ рЅарІЇрїГ рІФрѕѕрІЇ рІѕрїѕріЋ рЅ░рЅЃрІЇрѕърІЇріЋ рЅарѕЏрѕЁрЅарѕФрІі рѕџрІхрІФ рЅхрѕхрѕхрѕГ рїѕрїЙрЅй рѕІрІГ рЅарѕхрЇІрЅх ріЦрІФрїІрѕФ ріљрІЇрЇб

ріерІџрѕЁ ріарѕѕрЇЇ рѕ▓рѕЇ рЇѕрѕГрѕХ рІхрїІрѕю ріЦріЋрІ▓рїѕріљрЅБріЊ рѕЃрІѕрѕЇрЅ▒ рѕЏрѕЁрѕїрЅ│рІГ рІФрѕгрІхріЋ рЅарѕџрѕўрїЦріЋ рѕўрѕЇріЕ рЅарѕђрїѕрѕГ рІФрѕЅріЊ рЅарІЇрїГ рІФрѕЅ рЅБрѕѕрѕърІФрІјрЅйріЋ ріарѕ│рЅхрЇј ріЦріЋрІ▓рїѕріљрЅБ "" рїѕріЋрІўрЅЦ ріЦріЊрІІрїБрѕѕріЋ "" ріЦріЋрІ▓рѕЂрѕЮ ріЦрІЇрЅђрЅ│рЅйріЋріЋ ріЦріЊріФрЇЇрѕІрѕѕріЋ рІФрѕЅ ріарѕЅрЇб

"" рІерѕЃрІЇрѕЇрЅ▒ рІ▓рІЏрІГріЋ ріЦріЊ рѕўрѕгрЅх рѕІрІГ рІерЅ░рїѕріљрЅБрІЇ рѕѕрІерЅЁрѕЇ ріљрІЇ ріарІГрїѕріЊріЮрѕЮ "" рІФрѕЅ ріаріЋрІ│ріЋрІх ріарѕхрЅ░рІФрІерЅх рѕ░рїфрІјрЅй рІ░рїЇрѕъ рІерЅхрїЇрѕФрІГ рІерЅБрѕЁрѕЇріЊ рЅ▒рѕфрІЮрѕЮ рЅБрѕѕрѕўріерЅ│рЅ░рѕЅ рІѕрЅЁрѕ░рІІрѕЇрЇб

рѕЃрІѕрѕЇрЅ▒ #рЅарѕўрЅљрѕѕ_рІЕріњрЅерѕГрѕхрЅ▓ ріЦріЊ рЅаріаріГрѕ▒рѕЮ рїѕрІ│рѕЏрЅх рІѕ ріарІхрЅБрѕФрЅх ріарѕхрЅ░рІ│рІ░рѕГ рЅхрЅЦрЅЦрѕГ рІерЅ░рїѕріљрЅБ рѕ▓рѕєріЋ рѕѕрїЇріЋрЅБрЅ│рІЇ ріе1 ріљрїЦрЅЦ 6 рѕџрѕірІ«ріЋ рЅЦрѕГ рЅарѕІрІГ рІѕрїф рЅ░рІ░рѕГрїјрЅарЅ│рѕЇ рЅ░рЅЦрѕЈрѕЇрЇб

#TikvahEthiopiaFamilyMekelle ┬а┬а┬а┬а┬а┬а┬а┬а┬а┬а┬а┬а┬а┬а┬а┬а┬а┬а┬а┬а┬а┬а┬а┬а┬а┬а┬а┬а┬а┬а┬а┬а┬а┬а┬а┬а┬а┬а┬а┬а┬а┬а┬а┬а┬а┬а
@tikvahethiopia┬а┬а┬а┬а┬а┬а┬а┬а┬а┬а┬а┬а",2024-05-18 11:36:35+00:00
87715,,2024-05-18 11:36:35+00:00
87714,,2024-05-18 11:36:35+00:00
87713,,2024-05-18 11:36:35+00:00
87712,,2024-05-18 11:36:35+00:00
87711,,2024-05-18 11:36:35+00:00
87710,"10 рІЊрѕўрЅх ?

рЅарЅцріњрѕ╗ріЋрїЅрѕЇ рїЅрѕЎрІЮ ріГрѕЇрѕЇ рЅаріарѕХрѕ│ рІъріЋ рЅБрѕЮрЅарѕ▓ рІѕрѕерІ│ рѕўріЋрІ░рѕГ 44 рЅђрЅарѕї рЅарѕЂрѕѕрЅх #рІе8_ріарѕўрЅх_рѕЁрЇЃріЊрЅх рѕІрІГ рІерїЇрЅЦрѕе-рѕхрїІ рІхрЇЇрѕерЅх (ріарѕхрїѕрІхрІХ рІерѕўрІхрЇѕрѕГ) рІѕріЋрїђрѕЇріЋ рІерЇѕрЇђрѕў рІе41 ріарѕўрЅх рїјрѕЇрѕЏрѕ│ рЅа10 ріарѕўрЅх рЇЁріЉ ріЦрѕхрѕФрЅх рѕўрЅђрїБрЅ▒ рЅ░рѕ░рѕЮрЅирѕЇрЇб

рЅ░ріерѕ│рѕй ріарЅЦрІ▒ рІѕрІџрѕГ рІерѕџрЅБрѕЇ рѕ▓рѕєріЋ ріљрІІрѕфріљрЅ▒ ріарѕХрѕ│ рІъріЋ рЅБрѕЮрЅарѕ▓ рІѕрѕерІ│ рѕўріЋрІ░рѕГ 44 рЅђрЅарѕї ріљрІЇрЇб

рЅарїЦрѕГ 3 рЅђріЋ 2016 рІЊ/рѕЮ ріерЅђріЉ 9 рѕ░рІЊрЅх рЅаріаріФрЅБрЅбрІЇ рІерѕЏрѕйрѕІ рѕ░рЅЦрѕЇ рѕЏрѕ│ рІЇрѕхрїЦ рЅарѕўрІ░рЅарЅЁріЊ рѕЁрЇЃріЊрЅ▒ріЋ "" рїЦріЋрЅЁрѕй рѕЇрѕхрїБрЅйрѕЂ ріЉ рЅЦрѕЅ "" рЅЦрѕј рЅарѕўрїЦрѕФрЅх рІѕрІ░ рІЇрѕхрїЦ ріФрѕхрїѕрЅБрЅИрІЇ рЅаріІрѕІ рѕЂрѕѕрЅ▒ріЋрѕЮ рЅарѕђрІГрѕЇ ріарѕхрѕ« рІерїЇрЅЦрѕе рѕхрїІ-рІхрЇѕрѕерЅх (ріарѕхрїѕрІхрІХ рѕўрІхрЇѕрѕГ) рѕўрЇѕрЇђрѕЎ рЅ░рїѕрѕЇрї┐рѕЇрЇб

рЅарЅ░рїерѕЏрѕфрѕЮ рЅарѕЁрЇЃріЊрЅ▒ рѕІрІГ рІФрІ░рѕерѕ░рЅБрЅИрІЇріЋ рѕЂрѕѕріЋрЅ░ріЊрІі рїЅрІ│рЅхрѕЮ рѕѕрѕЏріЋрѕЮ рЅхріЋрЇЇрѕй ріЦріЋрІ│рІГрѕЅ ріарѕхрЇѕрѕФрѕГрЅХ ріЦріЊ рЅарїѕріЋрІўрЅЦ ріарЅ│рѕј ріерЅдрЅ│рІЇ рІГрѕ░рІѕрѕФрѕЇрЇб

рЇЊрѕірѕхрѕЮ рїЇрѕѕрѕ░рЅА рЅарЅЂрїЦрїЦрѕГ рѕхрѕГ ріарІЇрѕј рЇЇрѕГрІх рЅцрЅх рІФрЅђрѕГрЅарІІрѕЇрЇб

рІерЅБрѕЮрЅарѕ▓ рІѕрѕерІ│ рЇЇрѕГрІх рЅцрЅхрѕЮ рїЇрѕѕрѕ░рЅА рЅа10 ріарѕўрЅх рЇЁріЉ ріЦрѕхрѕФрЅх ріЦріЋрІ▓рЅђрїБ рІѕрѕхріЌрѕЇрЇб

рїЇрѕѕрѕ░рЅА рїЇріЋ "" рЅарЇЇрѕГрІх рІЇрѕ│ріћрІЇ рѕІрІГ рЅЁрѕГ рЅ░рѕ░ріЮрЅ╗рѕѕрѕЂ "" рЅарѕЏрѕѕрЅх рІГрїЇрЅБріЮ рЅЦрѕј рїЅрІ│рІЕ рЅаріарѕХрѕ│ рІъріЋ ріерЇЇрЅ░ріЏ рЇЇрѕГрІх рЅцрЅх рЅаріЕрѕЇ ріЦріЋрІ▓рЅ│рІГ рІГрїарІГрЅЃрѕЇрЇб

рІеріарѕХрѕ│ рІъріЋ ріерЇЇрЅ░ріЏ рЇЇрѕГрІх рЅцрЅхрѕЮ "" рІе10 ріарѕўрЅх "" рЇЁріЉ ріЦрѕхрѕФрЅх рІЇрѕ│ріћрІЇ ріарѕхрЅ░рѕЏрѕф ріљрІЇ рЅарѕЏрѕѕрЅх ріарїйрІхрЅє рѕўрІЮрїѕрЅАріЋ рІўрїЇрЅирѕЇ""

Via @TikvahethMagazine",2024-05-18 08:34:51+00:00
87709,""" ріЦріЏрѕЮ рЅарЅ░рЇѕрїарѕерІЇ рЅарїБрѕЮ ріарІЮріЊрѕЇ рЇц ріљрїѕрѕГ рїЇріЋ рЅ░рІ░рїІрїІрѕџ рІерѕџрЅБрѕѕрІЇ рЇЇрЇЂрѕЮ рЅхріГріГрѕЇ ріарІГрІ░рѕѕрѕЮ "" - рѕђрІІрѕ│ рІерѕџрїѕріўрІЇ рІеріЋрЅЦ рЅБріЋріГ рѕЁріЋрї╗

рѕерЅАрІЋ рЅарѕђрІІрѕ│ ріерЅ░рѕЏ рЅаріљрЅарѕерІЇ ріЋрЇІрѕх рІерЅђрѕІрЅђрѕѕ ріерЅБрІх рІЮріЊрЅЦ рІѕрЅЁрЅх рЇњрІФрѕ│ ріерѕџрїѕріўрІЇ рІеріЋрЅЦ рЅБріЋріГ рѕЁріЋрї╗ рѕІрІГ рІѕрІ░рЅ│рЅй рІерІѕрІ░рЅђ рѕўрѕхрЅ│рІѕрЅх рІеріаріЋрІх рІѕрїБрЅх рІеріФрЇї ріарѕхрЅ░ріЊрїІрїЁріЋ рѕЁрІГрІѕрЅх рЅђрїЦрЇЈрѕЇрЇб

рїЅрІ│рІЕріЋ рЅарЅ░рѕўрѕѕріерЅ░ рїЦрЅєрѕЏ ріЦрІерѕ░рїА ріаріЋрІх рІерѕђрІІрѕ│ рЅ▓ріГрЅФрѕЁ рібрЅхрІ«рїхрІФ рЅцрЅ░рѕ░рЅЦ ріарЅБрѕЇ рЇц рЅйрїЇрѕЕ рЅ░рІ░рїІрїІрѕъ рІГріерѕ░рЅ│рѕЇ рІерѕџрѕЇ рЅЃрѕІрЅИрІЇріЋ рѕ░рїЦрЅ░рІЇ ріљрЅарѕГрЇб

рІерѕђрІІрѕ│ рѕ░рѕІрѕЮріЊ рїИрїЦрЅ│ рЅбрѕ« рѕѕрЅ▓ріГрЅФрѕЁ рібрЅхрІ«рїхрІФ рЅарѕ░рїарІЇ рЅЃрѕЇ рЇЦ ріЦрѕ«рЅЦ ріерѕЁріЋрї╗рІЇ рЅарІѕрІ░рЅђ рѕўрѕхрЅ│рІѕрЅх ріаріЋрІх рІѕрїБрЅх рІеріФрЇї ріарѕхрЅ░ріЊрїІрїЁ рЅ░рїјрІхрЅХ рѕєрѕхрЇњрЅ│рѕЇ рЅбрІѕрѕ░рІхрѕЮ рѕЁрІГрІѕрЅ▒ рѕірЅ░рѕГрЇЇ ріЦріЋрІ│рѕЇрЅ╗рѕѕ ріарѕерїІрїЇрїд ріљрЅарѕГрЇб

ріљрїѕрѕГ рїЇріЋ "" рЅ░рІ░рїІрїІрѕџ рЅйрїЇрѕГ ріарѕѕ "" рѕѕрѕџрЅБрѕѕрІЇ рЅЁрѕгрЅ│ "" рѕЮріЋрѕЮ ріарІГріљрЅх рІерІ░рѕерѕ░ ріарІ░рїІріЋ рІерѕџрѕўрѕѕріерЅх рѕфрЇќрѕГрЅх ріерІџрѕЁ рЅђрІ░рѕЮ ріЦріЋрІ│рѕЇрѕўрїБрѕѕрЅх ріарѕ│рІЇрЅІрѕЇрЇб

рІЏрѕг рѕЁріЋрї╗рІЇ ріарѕхрЅ░рІ│рІ░рѕГ ріГрЇЇрѕЇ рѕѕрЅ▓ріГрЅФрѕЁ рібрЅхрІ«рїхрІФ рѕЮрѕІрѕй рѕ░рїЦрЅирѕЇрЇб

ріаріЋрІх рЅЃрѕІрЅИрІЇріЋ рІерѕ░рїА ріаріФрѕЇ рЇц ріЦрѕ«рЅЦ рІерЅ░рЇѕрїарѕерІЇ рЅхріГріГрѕЇ рѕхрѕѕрѕўрѕєріЉ рѕЏрѕерїІрїѕрїФ рѕ░рїЦрЅ░рІЇ рЅарЅ░рЇѕрїарѕерІЇ ріљрїѕрѕГ рѕЂрѕЅрѕЮ ріЦрїЁрїЇ рѕЏрІўріЉріЋ рїѕрѕЇрїИрІІрѕЇрЇб

ріљрїѕрѕГ рїЇріЋ "" ріерІџрѕЁ рЅђрІ░рѕЮ рЅ░рІ░рїІрїІрѕџ рЅйрїЇрѕГ рЅ░рѕхрЅ░рІЇрѕЈрѕЇ "" рІерѕџрѕѕрІЇ рЇЇрї╣рѕЮ рЅхріГріГрѕЇ ріЦріЋрІ│рѕЇрѕєріљ ріЦріЊ рѕЁріЋрї╗рІЇ рїЅрІхрѕѕрЅх ріЦріЋрІ░рѕїрѕѕрЅарЅх ріарѕхрїѕріЋрІЮрЅарІІрѕЇрЇб

"" рЅ░рІ░рїІрїІрѕџ рЅйрїЇрѕГ "" рЅ░рЅЦрѕј рІерЅ░рѕ░рїарІЇ рїЦрЅєрѕЏ рѕЮріЊрѕЇрЅБрЅхрѕЮ ріерІѕрѕГ рЅарЇірЅх ріерїјріЋ ріФрѕѕ #рІеріарІІрѕй_рЅБріЋріГ рѕЁріЋрї╗ рЅаріЋрЇІрѕх рѕЮріГріЋрІФрЅх рІѕрІ░ рЅ│рЅй рІерІѕрІ░рЅђ рЅЂрѕх рЅаріЋрЅЦ рѕЁріЋрї╗ рѕхрѕГ рЅБрѕѕ ріФрЇї рІерѕўріфріЊ рѕЏрЅєрѕџрІФ рѕІрІГ рІФрІ░рѕерѕ░рІЇріЋ рїЅрІ│рЅх рІІрЅб рЅ░рІ░рѕГрїј рѕірѕєріЋ рІГрЅйрѕІрѕЇ ріЦріЋрїѓ рѕЁріЋрї╗рІЇ ріерІџрѕЁ рЅђрІ░рѕЮ рѕЮріЋрѕЮ рЅйрїЇрѕГ рїѕрїЦрѕърЅх ріарІФрІЇрЅЁрѕЮ рЅЦрѕѕрІІрѕЇрЇб

рІерѕђрІІрѕ│ рѕ░рѕІрѕЮріЊ рїИрїЦрЅ│ рЅбрѕ« рІерѕ░рїарІЇ рѕўрѕерїЃрѕЮ рЅхріГріГрѕѕріЏ ріљрІЇ рѕ▓рѕЅ рЅ░ріЊрїЇрѕерІІрѕЇрЇб

#TikvahEthiopiaFamilyHawassa

@tikvahethiopia",2024-05-18 08:32:29+00:00
87708,,2024-05-18 08:32:29+00:00
87704,"#Tecno #Camon30Pro5G 

рІерѕърЅБрІГрѕЇ┬арЅ┤ріГріќрѕјрїѓріЋ рїерѕЮрѕ« рІерЅ░рѕѕрІФрІЕ рІеріцрѕїріГрЅхрѕ«ріњріГрѕх рЅЦрѕФріЋрІх ріарѕЮрѕФрЅй┬арІерѕєріљрІЇ┬аріЦріЊ┬аріе70┬арЅарѕІрІГ┬арѕђрїѕрѕФрЅх┬а
рѕЮрѕГрЅХрЅ╣ріЋ┬арЅарѕхрЇІрЅх┬арІерѕџрІФрЅђрѕГрЅарІЇ┬арЅ┤ріГріќ ріарІ▓рѕх рІерѕърЅБрІГрѕЇ рЅ┤ріГріќрѕјрїѓ рІЇрїцрЅх рІерѕєріљрІЇріЋ ріФрѕъріЋ 30 рЇЋрѕ« 5G рѕърІ┤рѕЇ рЅаріарІ▓рѕх ріарЅарЅБ рѕИрѕФрЅ░ріЋ ріарІ▓рѕх рѕєрЅ┤рѕЇ рІерЅ░рѕѕрІФрІЕ рѕђрїѕрѕФрЅх ріарѕЮрЅБрѕ│рІ░рѕ«рЅйрЇБ ріерЇЇрЅ░ріЏ рЅБрѕѕрѕхрѕЇрїБріЊрЅхрЇБ ріЦріЊ рїЦрѕф рІерЅ░рІ░рѕерїѕрѕІрЅИрІЇ ріЦріЋрїЇрІХрЅй рЅарЅ░рїѕріЎрЅарЅх ріарѕхрЅ░рІІрІѕрЅђрЇб

ріарІ▓рѕ▒ ріФрѕъріЋ 30 рЇЋрѕ« 5G рІерѕХріњ(SONY) рІеріФрѕюрѕФ рѕ┤ріЋрѕ░рѕГ рЅ┤ріГріќрѕјрїѓріЋ рїерѕЮрѕ« рІерЅ░рѕѕрІФрІЕ рІерЅ┤ріГріќ рѕЮрѕГрѕЮрѕГ рІЇрїцрЅх рІерѕєріЉ рІерЅ┤ріГріќрѕјрїѓ рїЇрЅЦрІЊрЅХрЅйріЋ ріаріФрЅХ рІерЅ░рѕўрѕерЅ░ рѕърІ┤рѕЇ ріљрІЇрЇб 

рІерібрЅхрІ« рЅ┤рѕїрі«рѕЮ рЅ║рЇЇ рѕЏрѕГрігрЅ▓ріЋрїЇ рідрЇірѕ░рѕГ рІерѕєріЉрЅх ріарЅХ рѕ░рібрІх ріарѕФрїІрІЇ рЅарІЮрїЇрїЁрЅ▒ рѕІрІГ ріЦріЋрІ░рЅ░ріЊрїѕрѕЕрЅх РђўРђЎ рібрЅхрІ« рЅ┤рѕїрі«рѕЮ ріЦріЊ рЅ┤ріГріќ рѕърЅБрІГрѕЇ рЅарїІрѕФ рЅарѕўрѕєріЋ рІ▓рїѓрЅ│рѕЇ рібрЅхрІ«рїхрІФріЋ ріЦрІЇріЋ рѕѕрѕЏрІхрѕерїЇ рІГрѕ░рѕФрѕЅРђЎРђЎ рЅЦрѕѕрІІрѕЇрЇб 

#Camon30Et┬а #Camon30pro5GEt #Camon30 #Camon30Pro5G #TecnoEt",2024-05-18 08:32:02+00:00
